{
  "playlists": [
    {
      "name": "80s",
      "lastModifiedDate": "2021-07-30",
      "items": [
        {
          "track": {
            "trackName": "Get Down On It - Single Version",
            "artistName": "Kool & The Gang",
            "albumName": "The Very Best Of Kool & The Gang",
            "trackUri": "spotify:track:4yKZACkuudvfd600H2dQie"
          },
          "episode": null,
          "localTrack": null
        },
        {
          "track": {
            "trackName": "I'm Still Standing",
            "artistName": "Elton John",
            "albumName": "Too Low For Zero",
            "trackUri": "spotify:track:1jDJFeK9x3OZboIAHsY9k2"
          },
          "episode": null,
          "localTrack": null
        },
        {
          "track": {
            "trackName": "Mambo No. 5 (a Little Bit of...)",
            "artistName": "Lou Bega",
            "albumName": "A Little Bit of Mambo",
            "trackUri": "spotify:track:6x4tKaOzfNJpEJHySoiJcs"
          },
          "episode": null,
          "localTrack": null
        },
        {
          "track": {
            "trackName": "Beat It",
            "artistName": "Michael Jackson",
            "albumName": "Thriller",
            "trackUri": "spotify:track:3BovdzfaX4jb5KFQwoPfAw"
          },
          "episode": null,
          "localTrack": null
        },
        {
          "track": {
            "trackName": "Rhythm Is A Dancer",
            "artistName": "SNAP!",
            "albumName": "The Madman's Return",
            "trackUri": "spotify:track:1IWzfq3sLedGQ3fb2hAMBA"
          },
          "episode": null,
          "localTrack": null
        },
        {
          "track": {
            "trackName": "Sing Hallelujah!",
            "artistName": "Dr. Alban",
            "albumName": "The Very Best Of 1990 - 1997",
            "trackUri": "spotify:track:6RQtvdmW0fnWv1VOKpgYcq"
          },
          "episode": null,
          "localTrack": null
        },
        {
          "track": {
            "trackName": "Wannabe",
            "artistName": "Spice Girls",
            "albumName": "Spice",
            "trackUri": "spotify:track:1Je1IMUlBXcx1Fz0WE7oPT"
          },
          "episode": null,
          "localTrack": null
        },
        {
          "track": {
            "trackName": "Blue (Da Ba Dee) - Gabry Ponte Ice Pop Radio",
            "artistName": "Eiffel 65",
            "albumName": "Europop",
            "trackUri": "spotify:track:2yAVzRiEQooPEJ9SYx11L3"
          },
          "episode": null,
          "localTrack": null
        },
        {
          "track": {
            "trackName": "Push The Feeling On - Mk Dub Revisited Edit",
            "artistName": "Nightcrawlers",
            "albumName": "Push The Feeling On",
            "trackUri": "spotify:track:1EWsVHU4FNAdtN4R8FETag"
          },
          "episode": null,
          "localTrack": null
        },
        {
          "track": {
            "trackName": "Miami",
            "artistName": "Will Smith",
            "albumName": "Big Willie Style",
            "trackUri": "spotify:track:6e8Ou0wiqAzIpWb2eSxll8"
          },
          "episode": null,
          "localTrack": null
        },
        {
          "track": {
            "trackName": "Boom, Boom, Boom, Boom!!",
            "artistName": "Vengaboys",
            "albumName": "Boom, Boom, Boom, Boom!!",
            "trackUri": "spotify:track:2Ld2LehpgQNREMxl9LlIzm"
          },
          "episode": null,
          "localTrack": null
        },
        {
          "track": {
            "trackName": "Bla Bla Bla",
            "artistName": "Gigi D'Agostino",
            "albumName": "L'Amour Toujours",
            "trackUri": "spotify:track:04zrPERrSO4CfyargthKJ9"
          },
          "episode": null,
          "localTrack": null
        },
        {
          "track": {
            "trackName": "This Is How We Do It",
            "artistName": "Montell Jordan",
            "albumName": "This Is How We Do It",
            "trackUri": "spotify:track:1poBO3pO6fkqPYG6n8J5cX"
          },
          "episode": null,
          "localTrack": null
        },
        {
          "track": {
            "trackName": "Boombastic",
            "artistName": "Shaggy",
            "albumName": "Boombastic",
            "trackUri": "spotify:track:4fxF8ljwryMZX5c9EKrLFE"
          },
          "episode": null,
          "localTrack": null
        },
        {
          "track": {
            "trackName": "9Pm (Till I Come)",
            "artistName": "ATB",
            "albumName": "Movin' Melodies",
            "trackUri": "spotify:track:1CgbwsrNDlFrRuk2ebQ7zr"
          },
          "episode": null,
          "localTrack": null
        },
        {
          "track": {
            "trackName": "Everybody (Backstreet's Back) - Radio Edit",
            "artistName": "Backstreet Boys",
            "albumName": "Backstreet's Back",
            "trackUri": "spotify:track:1di1BEgJYzPvXUuinsYJGP"
          },
          "episode": null,
          "localTrack": null
        },
        {
          "track": {
            "trackName": "Coco Jamboo",
            "artistName": "Mr. President",
            "albumName": "We See The Same Sun",
            "trackUri": "spotify:track:5fRvePkRGdpn2nKacG7I6d"
          },
          "episode": null,
          "localTrack": null
        },
        {
          "track": {
            "trackName": "Let's Get Loud",
            "artistName": "Jennifer Lopez",
            "albumName": "On The 6",
            "trackUri": "spotify:track:6kQz6t5z1FK4uohPh8Kd73"
          },
          "episode": null,
          "localTrack": null
        },
        {
          "track": {
            "trackName": "Here Comes the Hotstepper",
            "artistName": "Ini Kamoze",
            "albumName": "On Your 90's Radio",
            "trackUri": "spotify:track:4vfzROmNsxedKICcHod5Rh"
          },
          "episode": null,
          "localTrack": null
        },
        {
          "track": {
            "trackName": "The Rhythm of the Night",
            "artistName": "Corona",
            "albumName": "The Rhythm of the Night",
            "trackUri": "spotify:track:0ofMkI3jzmGCElAOgOLeo3"
          },
          "episode": null,
          "localTrack": null
        },
        {
          "track": {
            "trackName": "U Can't Touch This",
            "artistName": "MC Hammer",
            "albumName": "Please Hammer Don't Hurt 'Em",
            "trackUri": "spotify:track:1B75hgRqe7A4fwee3g3Wmu"
          },
          "episode": null,
          "localTrack": null
        },
        {
          "track": {
            "trackName": "Saturday Night - Radio Mix",
            "artistName": "Whigfield",
            "albumName": "Saturday Night Single",
            "trackUri": "spotify:track:59VRFpPnC8pOhIH2WCWXF9"
          },
          "episode": null,
          "localTrack": null
        },
        {
          "track": {
            "trackName": "María - Pablo Flores Spanglish Radio Edit",
            "artistName": "Ricky Martin",
            "albumName": "Ricky Martin",
            "trackUri": "spotify:track:4bNqBlJkoueiFla9YsyNg9"
          },
          "episode": null,
          "localTrack": null
        },
        {
          "track": {
            "trackName": "Macarena - Bayside Boys Remix",
            "artistName": "Los Del Rio",
            "albumName": "Fiesta Macarena",
            "trackUri": "spotify:track:7obdw7ZGr6l1GqSBkFiY11"
          },
          "episode": null,
          "localTrack": null
        },
        {
          "track": {
            "trackName": "What Is Love - 7\" Mix",
            "artistName": "Haddaway",
            "albumName": "The Album 2nd Edition",
            "trackUri": "spotify:track:3NvS0SxNWIPiAJoPWUpZzr"
          },
          "episode": null,
          "localTrack": null
        },
        {
          "track": {
            "trackName": "Missing - Todd Terry Remix / Radio Edit",
            "artistName": "Everything But The Girl",
            "albumName": "Like The Deserts Miss The Rain",
            "trackUri": "spotify:track:1IsvXZXAV9EBC4hBKW6yDN"
          },
          "episode": null,
          "localTrack": null
        },
        {
          "track": {
            "trackName": "Living On My Own - No More Brothers Radio Mix",
            "artistName": "Freddie Mercury",
            "albumName": "Never Boring",
            "trackUri": "spotify:track:361VJCtpxxjA32lh4P0jZU"
          },
          "episode": null,
          "localTrack": null
        },
        {
          "track": {
            "trackName": "Cotton Eye Joe",
            "artistName": "Rednex",
            "albumName": "Sex & Violins",
            "trackUri": "spotify:track:06hsdMbBxWGqBO0TV0Zrkf"
          },
          "episode": null,
          "localTrack": null
        },
        {
          "track": {
            "trackName": "Livin' la Vida Loca",
            "artistName": "Ricky Martin",
            "albumName": "Ricky Martin",
            "trackUri": "spotify:track:0Ph6L4l8dYUuXFmb71Ajnd"
          },
          "episode": null,
          "localTrack": null
        },
        {
          "track": {
            "trackName": "Where Do You Go",
            "artistName": "No Mercy",
            "albumName": "My Promise",
            "trackUri": "spotify:track:37tzoWY1ubBQKGXiWdO5Qv"
          },
          "episode": null,
          "localTrack": null
        },
        {
          "track": {
            "trackName": "All That She Wants",
            "artistName": "Ace of Base",
            "albumName": "The Sign",
            "trackUri": "spotify:track:6kWJvPfC4DgUpRsXKNa9z9"
          },
          "episode": null,
          "localTrack": null
        },
        {
          "track": {
            "trackName": "Believe",
            "artistName": "Cher",
            "albumName": "Believe",
            "trackUri": "spotify:track:2goLsvvODILDzeeiT4dAoR"
          },
          "episode": null,
          "localTrack": null
        },
        {
          "track": {
            "trackName": "Black or White",
            "artistName": "Michael Jackson",
            "albumName": "Dangerous",
            "trackUri": "spotify:track:7EsjkelQuoUlJXEw7SeVV4"
          },
          "episode": null,
          "localTrack": null
        },
        {
          "track": {
            "trackName": "Two Princes",
            "artistName": "Spin Doctors",
            "albumName": "Pocket Full Of Kryptonite",
            "trackUri": "spotify:track:4ePP9So5xRzspjLFVVbj90"
          },
          "episode": null,
          "localTrack": null
        },
        {
          "track": {
            "trackName": "Beautiful Life",
            "artistName": "Ace of Base",
            "albumName": "The Bridge",
            "trackUri": "spotify:track:74jTexO94dFGyXGyeu8krd"
          },
          "episode": null,
          "localTrack": null
        },
        {
          "track": {
            "trackName": "The Shoop Shoop Song (It's In His Kiss)",
            "artistName": "Cher",
            "albumName": "Love Hurts",
            "trackUri": "spotify:track:5oV1YjM2rtyZ55txHHsFUu"
          },
          "episode": null,
          "localTrack": null
        },
        {
          "track": {
            "trackName": "Boten Anna - Radio edit",
            "artistName": "Basshunter",
            "albumName": "Boten Anna",
            "trackUri": "spotify:track:2opOzWbmTURCchQDDbWEpL"
          },
          "episode": null,
          "localTrack": null
        },
        {
          "track": {
            "trackName": "Axel F",
            "artistName": "Crazy Frog",
            "albumName": "Crazy Frog pres. Crazy Hits",
            "trackUri": "spotify:track:5i4WslrU93vPhBXm6tS3gA"
          },
          "episode": null,
          "localTrack": null
        },
        {
          "track": {
            "trackName": "Dragostea Din Tei - Original Romanian Version",
            "artistName": "O-Zone",
            "albumName": "Time 25th Anniversary",
            "trackUri": "spotify:track:09nxdcY2oYo57fJrG6CCCT"
          },
          "episode": null,
          "localTrack": null
        },
        {
          "track": {
            "trackName": "You Give Love A Bad Name",
            "artistName": "Bon Jovi",
            "albumName": "Bon Jovi Greatest Hits",
            "trackUri": "spotify:track:61lqNlVRnWYiR9C7BDJw2l"
          },
          "episode": null,
          "localTrack": null
        },
        {
          "track": {
            "trackName": "...Baby One More Time",
            "artistName": "Britney Spears",
            "albumName": "Greatest Hits: My Prerogative",
            "trackUri": "spotify:track:7EFVJfuaqhIIvzNHZpEpth"
          },
          "episode": null,
          "localTrack": null
        },
        {
          "track": {
            "trackName": "Tubthumping",
            "artistName": "Chumbawamba",
            "albumName": "Tubthumper",
            "trackUri": "spotify:track:5YScXJKtefsgdskIy60N7A"
          },
          "episode": null,
          "localTrack": null
        },
        {
          "track": {
            "trackName": "All Star",
            "artistName": "Smash Mouth",
            "albumName": "Astro Lounge",
            "trackUri": "spotify:track:3cfOd4CMv2snFaKAnMdnvK"
          },
          "episode": null,
          "localTrack": null
        },
        {
          "track": {
            "trackName": "All Summer Long",
            "artistName": "Kid Rock",
            "albumName": "Rock n Roll Jesus",
            "trackUri": "spotify:track:368S2jjTfDk9Hk9x9YDzwj"
          },
          "episode": null,
          "localTrack": null
        },
        {
          "track": {
            "trackName": "One More Time",
            "artistName": "Daft Punk",
            "albumName": "Discovery",
            "trackUri": "spotify:track:0DiWol3AO6WpXZgp0goxAV"
          },
          "episode": null,
          "localTrack": null
        },
        {
          "track": {
            "trackName": "Are You Gonna Be My Girl",
            "artistName": "Jet",
            "albumName": "Get Born",
            "trackUri": "spotify:track:305WCRhhS10XUcH6AEwZk6"
          },
          "episode": null,
          "localTrack": null
        },
        {
          "track": {
            "trackName": "Sweat (A La La La La Long)",
            "artistName": "Inner Circle",
            "albumName": "Bad To The Bone",
            "trackUri": "spotify:track:7kTvXtMERxvwCGcWv68ssH"
          },
          "episode": null,
          "localTrack": null
        },
        {
          "track": {
            "trackName": "I Like to Move It (feat. The Mad Stuntman) - Erick \"More\" Club Mix",
            "artistName": "Reel 2 Real",
            "albumName": "I Like To Move It (feat. The Mad Stuntman)",
            "trackUri": "spotify:track:1r4ZkSJevA68TQzLzJeXeb"
          },
          "episode": null,
          "localTrack": null
        },
        {
          "track": {
            "trackName": "Hit The Road Jack",
            "artistName": "Jeff Zavac",
            "albumName": "Miami Lighthouse for the Blind Presents: Instrumental Magic",
            "trackUri": "spotify:track:7sXxvOVFtMr31xj0kX9BFV"
          },
          "episode": null,
          "localTrack": null
        },
        {
          "track": {
            "trackName": "Everybody (Backstreet's Back) - Radio Edit",
            "artistName": "Backstreet Boys",
            "albumName": "The New Best Of (All Hits & Remixes) 2016",
            "trackUri": "spotify:track:2WjM5cxN10uHaNqh6OLkMv"
          },
          "episode": null,
          "localTrack": null
        },
        {
          "track": {
            "trackName": "It's My Life",
            "artistName": "Bon Jovi",
            "albumName": "Crush",
            "trackUri": "spotify:track:1zOaxkbS1kAY1gIi0g8sOm"
          },
          "episode": null,
          "localTrack": null
        },
        {
          "track": {
            "trackName": "Livin' On A Prayer",
            "artistName": "Bon Jovi",
            "albumName": "Slippery When Wet",
            "trackUri": "spotify:track:3v7Hpshu7Lppgw8kSsy5ly"
          },
          "episode": null,
          "localTrack": null
        },
        {
          "track": {
            "trackName": "Jump",
            "artistName": "Kris Kross",
            "albumName": "Totally Krossed Out",
            "trackUri": "spotify:track:27AHAtAirQapVldIm4c9ZX"
          },
          "episode": null,
          "localTrack": null
        },
        {
          "track": {
            "trackName": "Everybody Get Up - Radio Edit",
            "artistName": "Five",
            "albumName": "Let's Dance",
            "trackUri": "spotify:track:0WGn8xhpPumX73lECUY5Yo"
          },
          "episode": null,
          "localTrack": null
        },
        {
          "track": {
            "trackName": "Here Comes the Hotstepper - Heartical Mix",
            "artistName": "Ini Kamoze",
            "albumName": "Here Comes The Hotstepper",
            "trackUri": "spotify:track:3QRM0qZB7oMYavveH0iEqx"
          },
          "episode": null,
          "localTrack": null
        },
        {
          "track": {
            "trackName": "Every Breath You Take",
            "artistName": "The Police",
            "albumName": "The Very Best Of Sting And The Police",
            "trackUri": "spotify:track:16fzReMJmcLlBccnZCTZNS"
          },
          "episode": null,
          "localTrack": null
        },
        {
          "track": {
            "trackName": "Narcotic",
            "artistName": "Liquido",
            "albumName": "Fussball Party 2012",
            "trackUri": "spotify:track:2JDpop9MPm7ExUdpk0ntnO"
          },
          "episode": null,
          "localTrack": null
        },
        {
          "track": {
            "trackName": "Butterfly",
            "artistName": "Crazy Town",
            "albumName": "The Gift Of Game",
            "trackUri": "spotify:track:6GQ3WTaNHMFlVmN4burGat"
          },
          "episode": null,
          "localTrack": null
        },
        {
          "track": {
            "trackName": "Call On Me - Radio Edit",
            "artistName": "Eric Prydz",
            "albumName": "Call on me",
            "trackUri": "spotify:track:0PY55x4tPaQMjhDKE0mnI5"
          },
          "episode": null,
          "localTrack": null
        },
        {
          "track": {
            "trackName": "YMCA - Original Version 1978",
            "artistName": "Village People",
            "albumName": "YMCA",
            "trackUri": "spotify:track:54OR1VDpfkBuOY5zZjhZAY"
          },
          "episode": null,
          "localTrack": null
        },
        {
          "track": {
            "trackName": "It's Raining Men",
            "artistName": "The Weather Girls",
            "albumName": "80s 100 Hits",
            "trackUri": "spotify:track:5TgD3Wh5ZUZnUU4tmVvJbx"
          },
          "episode": null,
          "localTrack": null
        },
        {
          "track": {
            "trackName": "Wake Me Up Before You Go-Go",
            "artistName": "Wham!",
            "albumName": "Make It Big",
            "trackUri": "spotify:track:0ikz6tENMONtK6qGkOrU3c"
          },
          "episode": null,
          "localTrack": null
        },
        {
          "track": {
            "trackName": "Funky Town",
            "artistName": "Lipps Inc.",
            "albumName": "Paradas Continuas",
            "trackUri": "spotify:track:7723JnKU2R15Iv4T7OJrly"
          },
          "episode": null,
          "localTrack": null
        },
        {
          "track": {
            "trackName": "Footloose - From \"Footloose\" Soundtrack",
            "artistName": "Kenny Loggins",
            "albumName": "The Essential Kenny Loggins",
            "trackUri": "spotify:track:4YR6Dextuoc3I8nJ0XgzKI"
          },
          "episode": null,
          "localTrack": null
        },
        {
          "track": {
            "trackName": "Relax, Take It Easy - New Radio Edit",
            "artistName": "MIKA",
            "albumName": "Relax / Lollipop Bundle",
            "trackUri": "spotify:track:4zpVnZGTxdfnQS5MJOqq9L"
          },
          "episode": null,
          "localTrack": null
        }
      ],
      "description": null,
      "numberOfFollowers": 0
    },
    {
      "name": "Quebo",
      "lastModifiedDate": "2021-08-23",
      "items": [
        {
          "track": {
            "trackName": "ROMANTICPSYCHO",
            "artistName": "Quebonafide",
            "albumName": "ROMANTIC PSYCHO",
            "trackUri": "spotify:track:4seR2zKmDX8LLSFEyum42k"
          },
          "episode": null,
          "localTrack": null
        },
        {
          "track": {
            "trackName": "PRZYTOBIE",
            "artistName": "Quebonafide",
            "albumName": "ROMANTIC PSYCHO",
            "trackUri": "spotify:track:4eKLUPXpTIghBR8nr3X8rT"
          },
          "episode": null,
          "localTrack": null
        },
        {
          "track": {
            "trackName": "SZUBIENICAPESTYCYDYBROŃ",
            "artistName": "Quebonafide",
            "albumName": "ROMANTIC PSYCHO",
            "trackUri": "spotify:track:2ELxOAAcgZO6dqMPiDMjVV"
          },
          "episode": null,
          "localTrack": null
        },
        {
          "track": {
            "trackName": "ASPARTAM",
            "artistName": "Quebonafide",
            "albumName": "ROMANTIC PSYCHO",
            "trackUri": "spotify:track:25zU3Mo74b4uzIqop5Hc4T"
          },
          "episode": null,
          "localTrack": null
        },
        {
          "track": {
            "trackName": "AJETLAGTOMÓJNOWYDRAG",
            "artistName": "Quebonafide",
            "albumName": "ROMANTIC PSYCHO",
            "trackUri": "spotify:track:5NgiIRfE2oPROyy58yuc0v"
          },
          "episode": null,
          "localTrack": null
        },
        {
          "track": {
            "trackName": "RUMPELSTILSKIN",
            "artistName": "Quebonafide",
            "albumName": "ROMANTIC PSYCHO",
            "trackUri": "spotify:track:2busrg8R2Rb0FGBcCmNZGo"
          },
          "episode": null,
          "localTrack": null
        },
        {
          "track": {
            "trackName": "TĘSKNIĘZASTARYMKANYE",
            "artistName": "Quebonafide",
            "albumName": "ROMANTIC PSYCHO",
            "trackUri": "spotify:track:3kuTcHSXvQYaq8wsMc6K4P"
          },
          "episode": null,
          "localTrack": null
        },
        {
          "track": {
            "trackName": "Oh oh (lalala)",
            "artistName": "White 2115",
            "albumName": "Rockstar: Do zachodu słońca",
            "trackUri": "spotify:track:1KQnW2vrpepMQG9Keo8vbY"
          },
          "episode": null,
          "localTrack": null
        },
        {
          "track": {
            "trackName": "POLSKIE TANGO",
            "artistName": "Taco Hemingway",
            "albumName": "POLSKIE TANGO",
            "trackUri": "spotify:track:2fNLY6Ks5tKg2e4zRClS0k"
          },
          "episode": null,
          "localTrack": null
        },
        {
          "track": {
            "trackName": "100 dni do matury",
            "artistName": "Mata",
            "albumName": "100 dni do matury",
            "trackUri": "spotify:track:78L2RUFISfqkmZMTCLYQJC"
          },
          "episode": null,
          "localTrack": null
        },
        {
          "track": {
            "trackName": "Schodki",
            "artistName": "Mata",
            "albumName": "Schodki",
            "trackUri": "spotify:track:5hbjEop5ZACSF37JmcsQQU"
          },
          "episode": null,
          "localTrack": null
        },
        {
          "track": {
            "trackName": "Life Is Good (feat. Drake)",
            "artistName": "Future",
            "albumName": "Life Is Good (feat. Drake)",
            "trackUri": "spotify:track:5yY9lUy8nbvjM1Uyo1Uqoc"
          },
          "episode": null,
          "localTrack": null
        },
        {
          "track": {
            "trackName": "SICKO MODE",
            "artistName": "Travis Scott",
            "albumName": "ASTROWORLD",
            "trackUri": "spotify:track:2xLMifQCjDGFmkHkpNLD9h"
          },
          "episode": null,
          "localTrack": null
        },
        {
          "track": {
            "trackName": "HIGHEST IN THE ROOM",
            "artistName": "Travis Scott",
            "albumName": "HIGHEST IN THE ROOM",
            "trackUri": "spotify:track:3eekarcy7kvN4yt5ZFzltW"
          },
          "episode": null,
          "localTrack": null
        },
        {
          "track": {
            "trackName": "BUTTERFLY EFFECT",
            "artistName": "Travis Scott",
            "albumName": "ASTROWORLD",
            "trackUri": "spotify:track:2cYqizR4lgvp4Qu6IQ3qGN"
          },
          "episode": null,
          "localTrack": null
        },
        {
          "track": {
            "trackName": "goosebumps",
            "artistName": "Travis Scott",
            "albumName": "Birds In The Trap Sing McKnight",
            "trackUri": "spotify:track:6gBFPUFcJLzWGx4lenP6h2"
          },
          "episode": null,
          "localTrack": null
        },
        {
          "track": {
            "trackName": "OUT WEST (feat. Young Thug)",
            "artistName": "JACKBOYS",
            "albumName": "JACKBOYS",
            "trackUri": "spotify:track:6gi6y1xwmVszDWkUqab1qw"
          },
          "episode": null,
          "localTrack": null
        },
        {
          "track": {
            "trackName": "Still Be Friends (feat. Tory Lanez & Tyga)",
            "artistName": "G-Eazy",
            "albumName": "Still Be Friends (feat. Tory Lanez & Tyga)",
            "trackUri": "spotify:track:0JjM9bKm4wrwohMslcm892"
          },
          "episode": null,
          "localTrack": null
        },
        {
          "track": {
            "trackName": "The Box",
            "artistName": "Roddy Ricch",
            "albumName": "Please Excuse Me for Being Antisocial",
            "trackUri": "spotify:track:0nbXyq5TXYPCO7pr3N8S4I"
          },
          "episode": null,
          "localTrack": null
        },
        {
          "track": {
            "trackName": "Boyfriend",
            "artistName": "Selena Gomez",
            "albumName": "Rare",
            "trackUri": "spotify:track:4QnC1bIaMSfDQvF4XDhV5M"
          },
          "episode": null,
          "localTrack": null
        },
        {
          "track": {
            "trackName": "Taste (feat. Offset)",
            "artistName": "Tyga",
            "albumName": "Legendary",
            "trackUri": "spotify:track:2toVe5hfuIi97ytDPDbQFt"
          },
          "episode": null,
          "localTrack": null
        },
        {
          "track": {
            "trackName": "Walk It Talk It",
            "artistName": "Migos",
            "albumName": "Culture II",
            "trackUri": "spotify:track:6n4U3TlzUGhdSFbUUhTvLP"
          },
          "episode": null,
          "localTrack": null
        },
        {
          "track": {
            "trackName": "Praise The Lord (Da Shine) (feat. Skepta)",
            "artistName": "A$AP Rocky",
            "albumName": "TESTING",
            "trackUri": "spotify:track:7ycWLEP1GsNjVvcjawXz3z"
          },
          "episode": null,
          "localTrack": null
        },
        {
          "track": {
            "trackName": "HUMBLE.",
            "artistName": "Kendrick Lamar",
            "albumName": "DAMN.",
            "trackUri": "spotify:track:7KXjTSCq5nL1LoYtL7XAwS"
          },
          "episode": null,
          "localTrack": null
        },
        {
          "track": {
            "trackName": "Rising",
            "artistName": "Theodor",
            "albumName": "Rising",
            "trackUri": "spotify:track:6BdBZVNSWuh5CM4idjYKom"
          },
          "episode": null,
          "localTrack": null
        },
        {
          "track": {
            "trackName": "Contact (feat. Tyga)",
            "artistName": "Wiz Khalifa",
            "albumName": "The Saga of Wiz Khalifa",
            "trackUri": "spotify:track:6vMQLnaxlPQwlyCXpRtTV0"
          },
          "episode": null,
          "localTrack": null
        },
        {
          "track": {
            "trackName": "Pure Water (with Migos)",
            "artistName": "Mustard",
            "albumName": "Perfect Ten",
            "trackUri": "spotify:track:3j84U36KvLeXNDPv4t5pI8"
          },
          "episode": null,
          "localTrack": null
        },
        {
          "track": {
            "trackName": "Chicago Freestyle (feat. Giveon)",
            "artistName": "Drake",
            "albumName": "Dark Lane Demo Tapes",
            "trackUri": "spotify:track:4wVOKKEHUJxHCFFNUWDn0B"
          },
          "episode": null,
          "localTrack": null
        },
        {
          "track": {
            "trackName": "No Role Modelz",
            "artistName": "J. Cole",
            "albumName": "2014 Forest Hills Drive",
            "trackUri": "spotify:track:62vpWI1CHwFy7tMIcSStl8"
          },
          "episode": null,
          "localTrack": null
        },
        {
          "track": {
            "trackName": "Wet Dreamz",
            "artistName": "J. Cole",
            "albumName": "2014 Forest Hills Drive",
            "trackUri": "spotify:track:6Ius4TC0L3cN74HT7ENE6e"
          },
          "episode": null,
          "localTrack": null
        },
        {
          "track": {
            "trackName": "Ric Flair Drip (& Metro Boomin)",
            "artistName": "Offset",
            "albumName": "Without Warning",
            "trackUri": "spotify:track:7sO5G9EABYOXQKNPNiE9NR"
          },
          "episode": null,
          "localTrack": null
        },
        {
          "track": {
            "trackName": "Macarena - Bayside Boys Remix",
            "artistName": "Los Del Rio",
            "albumName": "Fiesta Macarena",
            "trackUri": "spotify:track:7obdw7ZGr6l1GqSBkFiY11"
          },
          "episode": null,
          "localTrack": null
        }
      ],
      "description": null,
      "numberOfFollowers": 0
    },
    {
      "name": "Na chwile",
      "lastModifiedDate": "2020-06-13",
      "items": [
        {
          "track": {
            "trackName": "CZŁOWIEK Z DZIURĄ ZAMIAST KRTANI",
            "artistName": "Taco Hemingway",
            "albumName": "POCZTÓWKA Z WWA, LATO '19",
            "trackUri": "spotify:track:3FaQgxX3YENJdih4LIQhFF"
          },
          "episode": null,
          "localTrack": null
        },
        {
          "track": {
            "trackName": "ALERT RCB",
            "artistName": "Taco Hemingway",
            "albumName": "POCZTÓWKA Z WWA, LATO '19",
            "trackUri": "spotify:track:1lrB0ToooiludrdlNlQ1Qd"
          },
          "episode": null,
          "localTrack": null
        },
        {
          "track": {
            "trackName": "LECI NOWY FUTURE",
            "artistName": "Taco Hemingway",
            "albumName": "POCZTÓWKA Z WWA, LATO '19",
            "trackUri": "spotify:track:4DVPJXPqKLIon9BHklap1w"
          },
          "episode": null,
          "localTrack": null
        },
        {
          "track": {
            "trackName": "TIJUANA",
            "artistName": "Taco Hemingway",
            "albumName": "POCZTÓWKA Z WWA, LATO '19",
            "trackUri": "spotify:track:548azCoBz3imDTaxPBn0xC"
          },
          "episode": null,
          "localTrack": null
        },
        {
          "track": {
            "trackName": "SANATORIUM",
            "artistName": "Taco Hemingway",
            "albumName": "POCZTÓWKA Z WWA, LATO '19",
            "trackUri": "spotify:track:5LCHYPVcy2cetTQ4aFVMp4"
          },
          "episode": null,
          "localTrack": null
        },
        {
          "track": {
            "trackName": "KABRIOLETY",
            "artistName": "Taco Hemingway",
            "albumName": "POCZTÓWKA Z WWA, LATO '19",
            "trackUri": "spotify:track:3Kk6pV3bCwxuCYOjeo57Dp"
          },
          "episode": null,
          "localTrack": null
        },
        {
          "track": {
            "trackName": "WYTRAWNE (Z NUTĄ DESPERACJI)",
            "artistName": "Taco Hemingway",
            "albumName": "POCZTÓWKA Z WWA, LATO '19",
            "trackUri": "spotify:track:2Mxs1xRmWFdxtpyRLiFsVM"
          },
          "episode": null,
          "localTrack": null
        },
        {
          "track": {
            "trackName": "WUJEK DOBRA RADA",
            "artistName": "Taco Hemingway",
            "albumName": "POCZTÓWKA Z WWA, LATO '19",
            "trackUri": "spotify:track:5jumw9HzKWgSruqVgfajuk"
          },
          "episode": null,
          "localTrack": null
        },
        {
          "track": {
            "trackName": "W PIĄTKI LEŻĘ W WANNIE",
            "artistName": "Taco Hemingway",
            "albumName": "POCZTÓWKA Z WWA, LATO '19",
            "trackUri": "spotify:track:4bpShq8coki3AlMsXuFCDa"
          },
          "episode": null,
          "localTrack": null
        },
        {
          "track": {
            "trackName": "8 kobiet - Remix",
            "artistName": "TACONAFIDE",
            "albumName": "0,25 mg",
            "trackUri": "spotify:track:5s6jooT9ZcUjjD5qVx9B5K"
          },
          "episode": null,
          "localTrack": null
        },
        {
          "track": {
            "trackName": "Art-B",
            "artistName": "TACONAFIDE",
            "albumName": "Soma 0,5 mg",
            "trackUri": "spotify:track:7nHGjbZeoJIMBgsCuZGeSM"
          },
          "episode": null,
          "localTrack": null
        },
        {
          "track": {
            "trackName": "PRZYTOBIE",
            "artistName": "Quebonafide",
            "albumName": "ROMANTIC PSYCHO",
            "trackUri": "spotify:track:4eKLUPXpTIghBR8nr3X8rT"
          },
          "episode": null,
          "localTrack": null
        },
        {
          "track": {
            "trackName": "Modigliani",
            "artistName": "Taco Hemingway",
            "albumName": "Café Belga",
            "trackUri": "spotify:track:0gP2wIzhyjlsxjidUekcqb"
          },
          "episode": null,
          "localTrack": null
        },
        {
          "track": {
            "trackName": "Piszę to na matmie",
            "artistName": "Mata",
            "albumName": "100 dni do matury",
            "trackUri": "spotify:track:0l9XhUIYk2EjT6MHdh4wJU"
          },
          "episode": null,
          "localTrack": null
        },
        {
          "track": {
            "trackName": "100 dni do matury",
            "artistName": "Mata",
            "albumName": "100 dni do matury",
            "trackUri": "spotify:track:78L2RUFISfqkmZMTCLYQJC"
          },
          "episode": null,
          "localTrack": null
        },
        {
          "track": {
            "trackName": "Schodki",
            "artistName": "Mata",
            "albumName": "100 dni do matury",
            "trackUri": "spotify:track:0vPVqOKo8LWVganQgBZS5y"
          },
          "episode": null,
          "localTrack": null
        },
        {
          "track": {
            "trackName": "Patointeligencja",
            "artistName": "Mata",
            "albumName": "100 dni do matury",
            "trackUri": "spotify:track:3ZjytV5BojgvkPnXdY5zV2"
          },
          "episode": null,
          "localTrack": null
        },
        {
          "track": {
            "trackName": "hot coffee",
            "artistName": "schafter",
            "albumName": "audiotele",
            "trackUri": "spotify:track:4pzRQIRRHXYsAryBKXALCF"
          },
          "episode": null,
          "localTrack": null
        },
        {
          "track": {
            "trackName": "Schodki",
            "artistName": "Mata",
            "albumName": "Schodki",
            "trackUri": "spotify:track:5hbjEop5ZACSF37JmcsQQU"
          },
          "episode": null,
          "localTrack": null
        }
      ],
      "description": null,
      "numberOfFollowers": 0
    },
    {
      "name": "I love",
      "lastModifiedDate": "2021-08-04",
      "items": [
        {
          "track": {
            "trackName": "Hold Up",
            "artistName": "Beyoncé",
            "albumName": "Lemonade",
            "trackUri": "spotify:track:0rzNMzZsubFcXSEh7dnem7"
          },
          "episode": null,
          "localTrack": null
        },
        {
          "track": {
            "trackName": "Tambourine",
            "artistName": "Eve",
            "albumName": "Tambourine",
            "trackUri": "spotify:track:3WdYF0MLo2W9flzksSNS6o"
          },
          "episode": null,
          "localTrack": null
        },
        {
          "track": {
            "trackName": "Crazy In Love (feat. Jay-Z)",
            "artistName": "Beyoncé",
            "albumName": "Dangerously In Love",
            "trackUri": "spotify:track:0TwBtDAWpkpM3srywFVOV5"
          },
          "episode": null,
          "localTrack": null
        },
        {
          "track": {
            "trackName": "Love On Top",
            "artistName": "Beyoncé",
            "albumName": "4",
            "trackUri": "spotify:track:1z6WtY7X4HQJvzxC4UgkSf"
          },
          "episode": null,
          "localTrack": null
        },
        {
          "track": {
            "trackName": "Upgrade U (feat. Jay-Z)",
            "artistName": "Beyoncé",
            "albumName": "B'Day Deluxe Edition",
            "trackUri": "spotify:track:0GLUBbX4daHJkT3RQHEOia"
          },
          "episode": null,
          "localTrack": null
        },
        {
          "track": {
            "trackName": "7/11",
            "artistName": "Beyoncé",
            "albumName": "BEYONCÉ [Platinum Edition]",
            "trackUri": "spotify:track:02M6vucOvmRfMxTXDUwRXu"
          },
          "episode": null,
          "localTrack": null
        },
        {
          "track": {
            "trackName": "Partition",
            "artistName": "Beyoncé",
            "albumName": "BEYONCÉ [Platinum Edition]",
            "trackUri": "spotify:track:5hgnY0mVcVetszbb85qeDg"
          },
          "episode": null,
          "localTrack": null
        },
        {
          "track": {
            "trackName": "Let's Get It Started - Spike Mix",
            "artistName": "Black Eyed Peas",
            "albumName": "Let's Get It Started",
            "trackUri": "spotify:track:6Ct1AsE9oTWUg1rmvIWJKM"
          },
          "episode": null,
          "localTrack": null
        },
        {
          "track": {
            "trackName": "Can't Hold Us - feat. Ray Dalton",
            "artistName": "Macklemore & Ryan Lewis",
            "albumName": "The Heist",
            "trackUri": "spotify:track:3bidbhpOYeV4knp8AIu8Xn"
          },
          "episode": null,
          "localTrack": null
        },
        {
          "track": {
            "trackName": "Thrift Shop (feat. Wanz)",
            "artistName": "Macklemore & Ryan Lewis",
            "albumName": "The Heist",
            "trackUri": "spotify:track:4YMqbFcDIFiCBd02PzUBcM"
          },
          "episode": null,
          "localTrack": null
        },
        {
          "track": {
            "trackName": "Party Rock Anthem",
            "artistName": "LMFAO",
            "albumName": "Sorry For Party Rocking",
            "trackUri": "spotify:track:7mitXLIMCflkhZiD34uEQI"
          },
          "episode": null,
          "localTrack": null
        },
        {
          "track": {
            "trackName": "Ante Up (Robbin Hoodz Theory)",
            "artistName": "M.O.P.",
            "albumName": "Warriorz",
            "trackUri": "spotify:track:550JPXXPgjr1xqxtKIaX6b"
          },
          "episode": null,
          "localTrack": null
        },
        {
          "track": {
            "trackName": "Rewrite The Stars",
            "artistName": "Zac Efron",
            "albumName": "Rewrite The Stars",
            "trackUri": "spotify:track:630sXRhIcfwr2e4RdNtjKN"
          },
          "episode": null,
          "localTrack": null
        },
        {
          "track": {
            "trackName": "The Greatest Show",
            "artistName": "Hugh Jackman",
            "albumName": "The Greatest Showman (Original Motion Picture Soundtrack)",
            "trackUri": "spotify:track:4ylWMuGbMXNDgDd8lErEle"
          },
          "episode": null,
          "localTrack": null
        },
        {
          "track": {
            "trackName": "A Million Dreams",
            "artistName": "Ziv Zaifman",
            "albumName": "The Greatest Showman (Original Motion Picture Soundtrack)",
            "trackUri": "spotify:track:0RoA7ObU6phWpqhlC9zH4Z"
          },
          "episode": null,
          "localTrack": null
        },
        {
          "track": {
            "trackName": "Come Alive",
            "artistName": "Hugh Jackman",
            "albumName": "The Greatest Showman (Original Motion Picture Soundtrack)",
            "trackUri": "spotify:track:5xNUR50KxswPRAvx7S163g"
          },
          "episode": null,
          "localTrack": null
        },
        {
          "track": {
            "trackName": "The Other Side",
            "artistName": "Hugh Jackman",
            "albumName": "The Greatest Showman (Original Motion Picture Soundtrack)",
            "trackUri": "spotify:track:2cKovq3l6OJjhVVDbVKOsr"
          },
          "episode": null,
          "localTrack": null
        },
        {
          "track": {
            "trackName": "Never Enough",
            "artistName": "Loren Allred",
            "albumName": "The Greatest Showman (Original Motion Picture Soundtrack)",
            "trackUri": "spotify:track:0Gl5s8IhMmQE5YQwM8Qx1J"
          },
          "episode": null,
          "localTrack": null
        },
        {
          "track": {
            "trackName": "This Is Me",
            "artistName": "Keala Settle",
            "albumName": "The Greatest Showman (Original Motion Picture Soundtrack)",
            "trackUri": "spotify:track:45aBsnKRWUzhwbcqOJLwfe"
          },
          "episode": null,
          "localTrack": null
        },
        {
          "track": {
            "trackName": "Rewrite The Stars",
            "artistName": "Zac Efron",
            "albumName": "The Greatest Showman (Original Motion Picture Soundtrack)",
            "trackUri": "spotify:track:65fpYBrI8o2cfrwf2US4gq"
          },
          "episode": null,
          "localTrack": null
        },
        {
          "track": {
            "trackName": "Tightrope",
            "artistName": "Michelle Williams",
            "albumName": "The Greatest Showman (Original Motion Picture Soundtrack)",
            "trackUri": "spotify:track:0GVuLQtPXFaL18ijEOqoAa"
          },
          "episode": null,
          "localTrack": null
        },
        {
          "track": {
            "trackName": "From Now On",
            "artistName": "Hugh Jackman",
            "albumName": "The Greatest Showman (Original Motion Picture Soundtrack)",
            "trackUri": "spotify:track:3IkWmgGsXbsafrunwPojXO"
          },
          "episode": null,
          "localTrack": null
        },
        {
          "track": {
            "trackName": "Maniac",
            "artistName": "Michael Sembello",
            "albumName": "Flashdance",
            "trackUri": "spotify:track:0QKfiqpEU4h9ycPSzIFwYe"
          },
          "episode": null,
          "localTrack": null
        },
        {
          "track": {
            "trackName": "One Night In Bangkok - From “Chess” / Remastered 2016",
            "artistName": "Murray Head",
            "albumName": "One Night In Bangkok",
            "trackUri": "spotify:track:1xgqGXZW1udHCjuwjeRDVO"
          },
          "episode": null,
          "localTrack": null
        },
        {
          "track": {
            "trackName": "My Humps",
            "artistName": "Black Eyed Peas",
            "albumName": "Monkey Business",
            "trackUri": "spotify:track:20jYtEun4dUdYZ9foaOC48"
          },
          "episode": null,
          "localTrack": null
        },
        {
          "track": {
            "trackName": "Freedom (feat. Kendrick Lamar)",
            "artistName": "Beyoncé",
            "albumName": "Lemonade",
            "trackUri": "spotify:track:7aBxcRw77817BrkdPChAGY"
          },
          "episode": null,
          "localTrack": null
        },
        {
          "track": {
            "trackName": "Naughty Girl",
            "artistName": "Beyoncé",
            "albumName": "Dangerously In Love",
            "trackUri": "spotify:track:0YGQ3hZcRLC5YX7o0hdmHg"
          },
          "episode": null,
          "localTrack": null
        },
        {
          "track": {
            "trackName": "Dance Monkey",
            "artistName": "Tones And I",
            "albumName": "Dance Monkey",
            "trackUri": "spotify:track:1rgnBhdG2JDFTbYkYRZAku"
          },
          "episode": null,
          "localTrack": null
        },
        {
          "track": {
            "trackName": "Patointeligencja",
            "artistName": "Mata",
            "albumName": "100 dni do matury",
            "trackUri": "spotify:track:3ZjytV5BojgvkPnXdY5zV2"
          },
          "episode": null,
          "localTrack": null
        },
        {
          "track": {
            "trackName": "Get Lucky (feat. Pharrell Williams & Nile Rodgers) - Radio Edit",
            "artistName": "Daft Punk",
            "albumName": "Get Lucky (feat. Pharrell Williams & Nile Rodgers)",
            "trackUri": "spotify:track:2Foc5Q5nqNiosCNqttzHof"
          },
          "episode": null,
          "localTrack": null
        },
        {
          "track": {
            "trackName": "One More Time",
            "artistName": "Daft Punk",
            "albumName": "Discovery",
            "trackUri": "spotify:track:0DiWol3AO6WpXZgp0goxAV"
          },
          "episode": null,
          "localTrack": null
        }
      ],
      "description": null,
      "numberOfFollowers": 0
    }
  ]
}