[
  {
    "platform" : "ANDROID",
    "searchTime" : "2021-07-01T21:13:32.805Z[UTC]",
    "searchQuery" : "big",
    "searchInteractionURIs" : [
      "spotify:artist:5me0Irg2ANcsgc93uaYrpb"
    ]
  },
  {
    "platform" : "ANDROID",
    "searchTime" : "2021-07-03T23:49:54.350Z[UTC]",
    "searchQuery" : "one more time daft",
    "searchInteractionURIs" : [
      "spotify:track:0ijhkvBpA7OBlY4clWSUZw",
      "spotify:track:4lVyQXQgdxPJcWyKq1mbPJ",
      "spotify:track:0DiWol3AO6WpXZgp0goxAV"
    ]
  },
  {
    "platform" : "ANDROID",
    "searchTime" : "2021-07-05T21:59:50.032Z[UTC]",
    "searchQuery" : "ekip",
    "searchInteractionURIs" : [
      "spotify:artist:4rneSQYWhgIT9pMX2NwpeM"
    ]
  },
  {
    "platform" : "ANDROID",
    "searchTime" : "2021-07-06T05:46:24.392Z[UTC]",
    "searchQuery" : "iren",
    "searchInteractionURIs" : [
      "spotify:album:3RBWb4HlzXRG0pD0eHdnwF"
    ]
  },
  {
    "platform" : "ANDROID",
    "searchTime" : "2021-07-06T05:59:15.459Z[UTC]",
    "searchQuery" : "marsio jojor",
    "searchInteractionURIs" : [
    ]
  },
  {
    "platform" : "ANDROID",
    "searchTime" : "2021-07-06T17:14:56.619Z[UTC]",
    "searchQuery" : "etc",
    "searchInteractionURIs" : [
      "spotify:track:2gCY88kKDnhR2gQ8p1SJ1Z"
    ]
  },
  {
    "platform" : "ANDROID",
    "searchTime" : "2021-07-06T20:48:35.321Z[UTC]",
    "searchQuery" : "mata",
    "searchInteractionURIs" : [
      "spotify:artist:0MIG6gMcQTSvFbKvUwK0id"
    ]
  },
  {
    "platform" : "ANDROID",
    "searchTime" : "2021-07-07T07:34:45.683Z[UTC]",
    "searchQuery" : "chill",
    "searchInteractionURIs" : [
      "spotify:track:5w9gZaN7eHi5kFnn8atHRj"
    ]
  },
  {
    "platform" : "ANDROID",
    "searchTime" : "2021-07-07T07:50:05.500Z[UTC]",
    "searchQuery" : "pe",
    "searchInteractionURIs" : [
    ]
  },
  {
    "platform" : "ANDROID",
    "searchTime" : "2021-07-07T07:55:17.723Z[UTC]",
    "searchQuery" : "the wee",
    "searchInteractionURIs" : [
      "spotify:artist:1Xyo4u8uXC1ZmMpatF05PJ"
    ]
  },
  {
    "platform" : "ANDROID",
    "searchTime" : "2021-07-07T08:00:17.358Z[UTC]",
    "searchQuery" : "pe",
    "searchInteractionURIs" : [
      "spotify:track:4iJyoBOLtHqaGxP12qzhQI"
    ]
  },
  {
    "platform" : "ANDROID",
    "searchTime" : "2021-07-07T08:00:38.975Z[UTC]",
    "searchQuery" : "gaga",
    "searchInteractionURIs" : [
      "spotify:artist:1HY2Jd0NmPuamShAr6KMms"
    ]
  },
  {
    "platform" : "ANDROID",
    "searchTime" : "2021-07-07T09:11:26.673Z[UTC]",
    "searchQuery" : "the weekend",
    "searchInteractionURIs" : [
      "spotify:artist:1Xyo4u8uXC1ZmMpatF05PJ"
    ]
  },
  {
    "platform" : "ANDROID",
    "searchTime" : "2021-07-07T11:43:57.199Z[UTC]",
    "searchQuery" : "zygz",
    "searchInteractionURIs" : [
      "spotify:track:3rIdqj3VcQ78Szji5UKSuR"
    ]
  },
  {
    "platform" : "ANDROID",
    "searchTime" : "2021-07-07T11:55:52.130Z[UTC]",
    "searchQuery" : "chill",
    "searchInteractionURIs" : [
    ]
  },
  {
    "platform" : "ANDROID",
    "searchTime" : "2021-07-07T11:55:56.925Z[UTC]",
    "searchQuery" : "ciało",
    "searchInteractionURIs" : [
      "spotify:track:4fbAqBXwALbAXUTb62mJpo"
    ]
  },
  {
    "platform" : "ANDROID",
    "searchTime" : "2021-07-07T11:56:42.584Z[UTC]",
    "searchQuery" : "boli mnie ci",
    "searchInteractionURIs" : [
    ]
  },
  {
    "platform" : "ANDROID",
    "searchTime" : "2021-07-07T12:02:40.152Z[UTC]",
    "searchQuery" : "kiss cam",
    "searchInteractionURIs" : [
      "spotify:playlist:37i9dQZF1DWXJnyndhASBe",
      "spotify:track:5hfJcAXpOVb65HtYqgtoE4"
    ]
  },
  {
    "platform" : "ANDROID",
    "searchTime" : "2021-07-08T06:08:27.624Z[UTC]",
    "searchQuery" : "eska",
    "searchInteractionURIs" : [
      "spotify:playlist:75VkgzDJM2OjEJ8iVmLRZL"
    ]
  },
  {
    "platform" : "ANDROID",
    "searchTime" : "2021-07-08T06:09:58.184Z[UTC]",
    "searchQuery" : "dua ",
    "searchInteractionURIs" : [
      "spotify:artist:6M2wZ9GZgrQXHCFfjv46we"
    ]
  },
  {
    "platform" : "ANDROID",
    "searchTime" : "2021-07-08T06:10:12.938Z[UTC]",
    "searchQuery" : "eska",
    "searchInteractionURIs" : [
      "spotify:playlist:6ZPKGal7zIYOv27JFcEhF4"
    ]
  },
  {
    "platform" : "ANDROID",
    "searchTime" : "2021-07-08T06:17:18.895Z[UTC]",
    "searchQuery" : "happy c",
    "searchInteractionURIs" : [
    ]
  },
  {
    "platform" : "ANDROID",
    "searchTime" : "2021-07-08T06:17:28.174Z[UTC]",
    "searchQuery" : "william ",
    "searchInteractionURIs" : [
    ]
  },
  {
    "platform" : "ANDROID",
    "searchTime" : "2021-07-08T06:17:46.650Z[UTC]",
    "searchQuery" : "wiliam",
    "searchInteractionURIs" : [
      "spotify:artist:2RdwBSPQiwcmiDo9kixcl8",
      "spotify:artist:2RdwBSPQiwcmiDo9kixcl8"
    ]
  },
  {
    "platform" : "ANDROID",
    "searchTime" : "2021-07-08T15:16:28.952Z[UTC]",
    "searchQuery" : "amer",
    "searchInteractionURIs" : [
    ]
  },
  {
    "platform" : "ANDROID",
    "searchTime" : "2021-07-08T15:20:38.556Z[UTC]",
    "searchQuery" : "good",
    "searchInteractionURIs" : [
      "spotify:track:4ZtFanR9U6ndgddUvNcjcG"
    ]
  },
  {
    "platform" : "ANDROID",
    "searchTime" : "2021-07-08T15:20:48.281Z[UTC]",
    "searchQuery" : "damian janowiak",
    "searchInteractionURIs" : [
      "spotify:user:21mvray7gymbvk6ojqwfjdm5i"
    ]
  },
  {
    "platform" : "ANDROID",
    "searchTime" : "2021-07-08T17:11:53.089Z[UTC]",
    "searchQuery" : "te",
    "searchInteractionURIs" : [
      "spotify:artist:6319D09erMRIrr8bl6ZAHC"
    ]
  },
  {
    "platform" : "ANDROID",
    "searchTime" : "2021-07-08T17:12:33.002Z[UTC]",
    "searchQuery" : "ekipa",
    "searchInteractionURIs" : [
      "spotify:artist:4rneSQYWhgIT9pMX2NwpeM"
    ]
  },
  {
    "platform" : "ANDROID",
    "searchTime" : "2021-07-08T17:31:08.097Z[UTC]",
    "searchQuery" : "capusstin",
    "searchInteractionURIs" : [
      "spotify:user:capustin"
    ]
  },
  {
    "platform" : "ANDROID",
    "searchTime" : "2021-07-08T17:39:48.334Z[UTC]",
    "searchQuery" : "capusstin",
    "searchInteractionURIs" : [
      "spotify:user:capustin"
    ]
  },
  {
    "platform" : "ANDROID",
    "searchTime" : "2021-07-08T17:41:48.018Z[UTC]",
    "searchQuery" : "capusstin",
    "searchInteractionURIs" : [
      "spotify:user:capustin"
    ]
  },
  {
    "platform" : "ANDROID",
    "searchTime" : "2021-07-08T17:42:50.227Z[UTC]",
    "searchQuery" : "capusstin",
    "searchInteractionURIs" : [
      "spotify:user:capustin"
    ]
  },
  {
    "platform" : "ANDROID",
    "searchTime" : "2021-07-08T17:43:10.056Z[UTC]",
    "searchQuery" : "capusstin",
    "searchInteractionURIs" : [
      "spotify:user:capustin"
    ]
  },
  {
    "platform" : "ANDROID",
    "searchTime" : "2021-07-08T17:43:31.162Z[UTC]",
    "searchQuery" : "capusstin",
    "searchInteractionURIs" : [
      "spotify:user:capustin"
    ]
  },
  {
    "platform" : "ANDROID",
    "searchTime" : "2021-07-08T17:44:01.018Z[UTC]",
    "searchQuery" : "capusstin",
    "searchInteractionURIs" : [
      "spotify:user:capustin"
    ]
  },
  {
    "platform" : "ANDROID",
    "searchTime" : "2021-07-08T17:45:07.591Z[UTC]",
    "searchQuery" : "capusstin",
    "searchInteractionURIs" : [
      "spotify:user:capustin"
    ]
  },
  {
    "platform" : "ANDROID",
    "searchTime" : "2021-07-08T17:58:25.723Z[UTC]",
    "searchQuery" : "ekipa",
    "searchInteractionURIs" : [
      "spotify:album:2GZpgflGzo3BNIPYpEFmeA"
    ]
  },
  {
    "platform" : "ANDROID",
    "searchTime" : "2021-07-08T18:12:23.867Z[UTC]",
    "searchQuery" : "swis",
    "searchInteractionURIs" : [
      "spotify:track:3OtMnyUaiipcAT23A8liyi"
    ]
  },
  {
    "platform" : "ANDROID",
    "searchTime" : "2021-07-08T18:12:34.453Z[UTC]",
    "searchQuery" : "skibi",
    "searchInteractionURIs" : [
      "spotify:playlist:6JkvTZWs9dHwVMTznVyhSK"
    ]
  },
  {
    "platform" : "ANDROID",
    "searchTime" : "2021-07-08T18:12:49.206Z[UTC]",
    "searchQuery" : "skibib",
    "searchInteractionURIs" : [
      "spotify:track:4F4TGsDYacEbw4PLAIyJ2e"
    ]
  },
  {
    "platform" : "ANDROID",
    "searchTime" : "2021-07-08T18:23:01.713Z[UTC]",
    "searchQuery" : "sławomir",
    "searchInteractionURIs" : [
      "spotify:track:7meNfXvVQYkqD95KJYDqjO"
    ]
  },
  {
    "platform" : "ANDROID",
    "searchTime" : "2021-07-08T18:27:05.328Z[UTC]",
    "searchQuery" : "macare",
    "searchInteractionURIs" : [
      "spotify:track:4oaj36KzXRgDg4McgcTsZK"
    ]
  },
  {
    "platform" : "ANDROID",
    "searchTime" : "2021-07-08T18:29:30.790Z[UTC]",
    "searchQuery" : "kaczuszki",
    "searchInteractionURIs" : [
      "spotify:track:5H0YSUJFBn7WdAd8H1rGfN"
    ]
  },
  {
    "platform" : "ANDROID",
    "searchTime" : "2021-07-08T18:32:16.260Z[UTC]",
    "searchQuery" : "sławomir",
    "searchInteractionURIs" : [
      "spotify:artist:3HmvAXONzbbfk15Lu0VRw0"
    ]
  },
  {
    "platform" : "ANDROID",
    "searchTime" : "2021-07-08T18:32:44.741Z[UTC]",
    "searchQuery" : "capusstin",
    "searchInteractionURIs" : [
      "spotify:user:capustin"
    ]
  },
  {
    "platform" : "ANDROID",
    "searchTime" : "2021-07-08T18:36:28.240Z[UTC]",
    "searchQuery" : "zbunto",
    "searchInteractionURIs" : [
      "spotify:track:7fmfuhAR3zCwltWaYQDyIQ"
    ]
  },
  {
    "platform" : "ANDROID",
    "searchTime" : "2021-07-08T18:39:00.219Z[UTC]",
    "searchQuery" : "wygladasz ",
    "searchInteractionURIs" : [
      "spotify:track:11ICdguilo4gnRVPWfIgVG"
    ]
  },
  {
    "platform" : "ANDROID",
    "searchTime" : "2021-07-08T18:47:22.524Z[UTC]",
    "searchQuery" : "who lets ",
    "searchInteractionURIs" : [
      "spotify:track:1H5tvpoApNDxvxDexoaAUo"
    ]
  },
  {
    "platform" : "ANDROID",
    "searchTime" : "2021-07-08T18:50:49.050Z[UTC]",
    "searchQuery" : "jenifer lopez",
    "searchInteractionURIs" : [
    ]
  },
  {
    "platform" : "ANDROID",
    "searchTime" : "2021-07-08T18:51:19.054Z[UTC]",
    "searchQuery" : "ekipa",
    "searchInteractionURIs" : [
      "spotify:album:2GZpgflGzo3BNIPYpEFmeA"
    ]
  },
  {
    "platform" : "ANDROID",
    "searchTime" : "2021-07-08T18:56:58.264Z[UTC]",
    "searchQuery" : "daj mi zna",
    "searchInteractionURIs" : [
    ]
  },
  {
    "platform" : "ANDROID",
    "searchTime" : "2021-07-08T20:37:41.077Z[UTC]",
    "searchQuery" : "daj mi zna",
    "searchInteractionURIs" : [
    ]
  },
  {
    "platform" : "ANDROID",
    "searchTime" : "2021-07-08T22:39:42.682Z[UTC]",
    "searchQuery" : "forest",
    "searchInteractionURIs" : [
      "spotify:playlist:1R4595WsywaOJOGoJEvFer"
    ]
  },
  {
    "platform" : "ANDROID",
    "searchTime" : "2021-07-09T19:57:03.736Z[UTC]",
    "searchQuery" : "swish",
    "searchInteractionURIs" : [
      "spotify:track:3OtMnyUaiipcAT23A8liyi"
    ]
  },
  {
    "platform" : "ANDROID",
    "searchTime" : "2021-07-09T20:01:22.092Z[UTC]",
    "searchQuery" : "vlad novak",
    "searchInteractionURIs" : [
      "spotify:user:31wrmy762sjqz5xwhlzerkh4it7a",
      "spotify:user:31wrmy762sjqz5xwhlzerkh4it7a"
    ]
  },
  {
    "platform" : "ANDROID",
    "searchTime" : "2021-07-10T06:09:42.059Z[UTC]",
    "searchQuery" : "ekip",
    "searchInteractionURIs" : [
      "spotify:album:2GZpgflGzo3BNIPYpEFmeA"
    ]
  },
  {
    "platform" : "ANDROID",
    "searchTime" : "2021-07-10T13:34:51.860Z[UTC]",
    "searchQuery" : "ciało",
    "searchInteractionURIs" : [
      "spotify:track:4fbAqBXwALbAXUTb62mJpo"
    ]
  },
  {
    "platform" : "ANDROID",
    "searchTime" : "2021-07-10T16:49:58.208Z[UTC]",
    "searchQuery" : "ciał",
    "searchInteractionURIs" : [
      "spotify:track:4fbAqBXwALbAXUTb62mJpo"
    ]
  },
  {
    "platform" : "ANDROID",
    "searchTime" : "2021-07-11T06:14:09.190Z[UTC]",
    "searchQuery" : "miasto budz",
    "searchInteractionURIs" : [
      "spotify:track:5bYqoU80x3uOgHgdAxwCmO"
    ]
  },
  {
    "platform" : "ANDROID",
    "searchTime" : "2021-07-11T06:28:57.073Z[UTC]",
    "searchQuery" : "pol",
    "searchInteractionURIs" : [
      "spotify:playlist:2VNunqksTUA1gf7wUzTOZD"
    ]
  },
  {
    "platform" : "ANDROID",
    "searchTime" : "2021-07-11T06:33:03.605Z[UTC]",
    "searchQuery" : "kaya",
    "searchInteractionURIs" : [
      "spotify:artist:2v295z585SM68pluEKXKSM"
    ]
  },
  {
    "platform" : "ANDROID",
    "searchTime" : "2021-07-12T06:13:40.412Z[UTC]",
    "searchQuery" : "8 ko",
    "searchInteractionURIs" : [
      "spotify:track:5s6jooT9ZcUjjD5qVx9B5K",
      "spotify:track:6VfGN9E3V4VVOlbtt0VbgN"
    ]
  },
  {
    "platform" : "ANDROID",
    "searchTime" : "2021-07-12T07:22:35.591Z[UTC]",
    "searchQuery" : "margaet",
    "searchInteractionURIs" : [
      "spotify:artist:6aGmKxXoKrSdovRUn8MBhZ",
      "spotify:artist:6aGmKxXoKrSdovRUn8MBhZ"
    ]
  },
  {
    "platform" : "ANDROID",
    "searchTime" : "2021-07-12T07:22:56.280Z[UTC]",
    "searchQuery" : "margaret",
    "searchInteractionURIs" : [
      "spotify:artist:6aGmKxXoKrSdovRUn8MBhZ"
    ]
  },
  {
    "platform" : "ANDROID",
    "searchTime" : "2021-07-13T06:14:59.864Z[UTC]",
    "searchQuery" : "kiss ",
    "searchInteractionURIs" : [
      "spotify:track:5hfJcAXpOVb65HtYqgtoE4"
    ]
  },
  {
    "platform" : "ANDROID",
    "searchTime" : "2021-07-13T12:16:51.627Z[UTC]",
    "searchQuery" : "singala ",
    "searchInteractionURIs" : [
      "spotify:artist:1IueXOQyABrMOprrzwQJWN"
    ]
  },
  {
    "platform" : "ANDROID",
    "searchTime" : "2021-07-13T12:17:09.639Z[UTC]",
    "searchQuery" : "singaka jus",
    "searchInteractionURIs" : [
      "spotify:track:0v3BMLcwUmAwyqJaf5997o"
    ]
  },
  {
    "platform" : "ANDROID",
    "searchTime" : "2021-07-13T13:01:47.670Z[UTC]",
    "searchQuery" : "drope music",
    "searchInteractionURIs" : [
      "spotify:playlist:5CXZx6kdrKad1eKMNmJLGK"
    ]
  },
  {
    "platform" : "ANDROID",
    "searchTime" : "2021-07-13T13:02:26.968Z[UTC]",
    "searchQuery" : "drop misic hip ",
    "searchInteractionURIs" : [
      "spotify:playlist:1p0kngdptNFQhS0wYEEC3y"
    ]
  },
  {
    "platform" : "ANDROID",
    "searchTime" : "2021-07-13T14:51:29.122Z[UTC]",
    "searchQuery" : "wo",
    "searchInteractionURIs" : [
    ]
  },
  {
    "platform" : "ANDROID",
    "searchTime" : "2021-07-13T14:51:30.959Z[UTC]",
    "searchQuery" : "sanah",
    "searchInteractionURIs" : [
      "spotify:artist:0TMvoNR0AIJV138mHY6jdE"
    ]
  },
  {
    "platform" : "ANDROID",
    "searchTime" : "2021-07-13T15:36:20.492Z[UTC]",
    "searchQuery" : "sanah",
    "searchInteractionURIs" : [
    ]
  },
  {
    "platform" : "ANDROID",
    "searchTime" : "2021-07-13T15:41:21.127Z[UTC]",
    "searchQuery" : "hip hop drop",
    "searchInteractionURIs" : [
      "spotify:playlist:57iVn4ouwDWLYXWWhU56js"
    ]
  },
  {
    "platform" : "ANDROID",
    "searchTime" : "2021-07-13T15:41:39.240Z[UTC]",
    "searchQuery" : "drop music hip hop",
    "searchInteractionURIs" : [
      "spotify:playlist:5bvObv5C3n8XPQKuy6Q17p"
    ]
  },
  {
    "platform" : "ANDROID",
    "searchTime" : "2021-07-13T15:47:01.558Z[UTC]",
    "searchQuery" : "We Are One\n\nkre",
    "searchInteractionURIs" : [
      "spotify:track:4IU1k52gr8iAF3j3OiVCYz"
    ]
  },
  {
    "platform" : "ANDROID",
    "searchTime" : "2021-07-13T15:58:55.476Z[UTC]",
    "searchQuery" : "We Are One\n\nkre",
    "searchInteractionURIs" : [
    ]
  },
  {
    "platform" : "ANDROID",
    "searchTime" : "2021-07-13T15:59:27.694Z[UTC]",
    "searchQuery" : "Dimitri Vegas & Like Mike - Mammoth\n\n",
    "searchInteractionURIs" : [
      "spotify:track:55weCO4mpn613rCWB3Y2Bt"
    ]
  },
  {
    "platform" : "ANDROID",
    "searchTime" : "2021-07-13T16:51:23.814Z[UTC]",
    "searchQuery" : "Dimitri Vegas & Like Mike - Mammoth\n\n",
    "searchInteractionURIs" : [
    ]
  },
  {
    "platform" : "ANDROID",
    "searchTime" : "2021-07-13T16:56:51.067Z[UTC]",
    "searchQuery" : "battel hip ",
    "searchInteractionURIs" : [
      "spotify:playlist:7tdq3IlxVxs9erRLdFAefY"
    ]
  },
  {
    "platform" : "ANDROID",
    "searchTime" : "2021-07-13T17:48:16.066Z[UTC]",
    "searchQuery" : "ci",
    "searchInteractionURIs" : [
      "spotify:track:4fbAqBXwALbAXUTb62mJpo"
    ]
  },
  {
    "platform" : "ANDROID",
    "searchTime" : "2021-07-14T06:08:36.548Z[UTC]",
    "searchQuery" : "dont st",
    "searchInteractionURIs" : [
      "spotify:track:0ByMNEPAPpOR5H69DVrTNy"
    ]
  },
  {
    "platform" : "ANDROID",
    "searchTime" : "2021-07-14T06:31:21.859Z[UTC]",
    "searchQuery" : "carlos san",
    "searchInteractionURIs" : [
      "spotify:artist:6GI52t8N5F02MxU0g5U69P"
    ]
  },
  {
    "platform" : "ANDROID",
    "searchTime" : "2021-07-14T07:15:03.709Z[UTC]",
    "searchQuery" : "acdc",
    "searchInteractionURIs" : [
      "spotify:artist:711MCceyCBcFnzjGY4Q7Un"
    ]
  },
  {
    "platform" : "ANDROID",
    "searchTime" : "2021-07-14T16:32:36.781Z[UTC]",
    "searchQuery" : "music v",
    "searchInteractionURIs" : [
      "spotify:track:1PokNDiTBQZgXci6rn2BVE"
    ]
  },
  {
    "platform" : "ANDROID",
    "searchTime" : "2021-07-14T16:32:53.730Z[UTC]",
    "searchQuery" : "music classic",
    "searchInteractionURIs" : [
      "spotify:playlist:1h0CEZCm6IbFTbxThn6Xcs",
      "spotify:playlist:5IVkRwLmiamnJvVMjvCdQa"
    ]
  },
  {
    "platform" : "ANDROID",
    "searchTime" : "2021-07-14T16:33:56.288Z[UTC]",
    "searchQuery" : "sad ",
    "searchInteractionURIs" : [
    ]
  },
  {
    "platform" : "ANDROID",
    "searchTime" : "2021-07-14T16:34:17.558Z[UTC]",
    "searchQuery" : "sad music",
    "searchInteractionURIs" : [
      "spotify:playlist:1n2MYYpuxk9ueZD2iGYJXB"
    ]
  },
  {
    "platform" : "ANDROID",
    "searchTime" : "2021-07-14T20:18:21.027Z[UTC]",
    "searchQuery" : "bajka",
    "searchInteractionURIs" : [
      "spotify:show:2xoXzWVYiZCqhAd4NMnBlC"
    ]
  },
  {
    "platform" : "ANDROID",
    "searchTime" : "2021-07-15T06:08:25.495Z[UTC]",
    "searchQuery" : "Sigala - just got paid ",
    "searchInteractionURIs" : [
    ]
  },
  {
    "platform" : "ANDROID",
    "searchTime" : "2021-07-15T06:09:31.804Z[UTC]",
    "searchQuery" : "duq",
    "searchInteractionURIs" : [
      "spotify:track:5nujrmhLynf4yMoMtj8AQF"
    ]
  },
  {
    "platform" : "ANDROID",
    "searchTime" : "2021-07-15T06:15:09.549Z[UTC]",
    "searchQuery" : "Sigala - just got paid ",
    "searchInteractionURIs" : [
      "spotify:track:0v3BMLcwUmAwyqJaf5997o"
    ]
  },
  {
    "platform" : "ANDROID",
    "searchTime" : "2021-07-15T08:12:22.261Z[UTC]",
    "searchQuery" : "Sigala - just got paid ",
    "searchInteractionURIs" : [
    ]
  },
  {
    "platform" : "ANDROID",
    "searchTime" : "2021-07-15T08:12:23.827Z[UTC]",
    "searchQuery" : "duq",
    "searchInteractionURIs" : [
    ]
  },
  {
    "platform" : "ANDROID",
    "searchTime" : "2021-07-15T11:36:36.363Z[UTC]",
    "searchQuery" : "chill out",
    "searchInteractionURIs" : [
      "spotify:playlist:37i9dQZF1DX32oVqaQE8BM"
    ]
  },
  {
    "platform" : "ANDROID",
    "searchTime" : "2021-07-15T11:46:29.180Z[UTC]",
    "searchQuery" : "forest",
    "searchInteractionURIs" : [
      "spotify:episode:67Sygdq4MWpll0qDgTKEJq",
      "spotify:playlist:1R4595WsywaOJOGoJEvFer"
    ]
  },
  {
    "platform" : "ANDROID",
    "searchTime" : "2021-07-15T15:30:49.066Z[UTC]",
    "searchQuery" : "no ex",
    "searchInteractionURIs" : [
      "spotify:track:7fCNUWi6uflDTQ08srxMZk"
    ]
  },
  {
    "platform" : "ANDROID",
    "searchTime" : "2021-07-15T18:45:53.255Z[UTC]",
    "searchQuery" : "ekipa",
    "searchInteractionURIs" : [
      "spotify:artist:4rneSQYWhgIT9pMX2NwpeM"
    ]
  },
  {
    "platform" : "ANDROID",
    "searchTime" : "2021-07-15T18:50:48.493Z[UTC]",
    "searchQuery" : "mam ostrzegala",
    "searchInteractionURIs" : [
      "spotify:track:7GFOKWhTfjbU557GWnksZy"
    ]
  },
  {
    "platform" : "ANDROID",
    "searchTime" : "2021-07-15T18:54:23.591Z[UTC]",
    "searchQuery" : "eluwina",
    "searchInteractionURIs" : [
      "spotify:track:5ndihHDImMs9vi7UxjaPTC"
    ]
  },
  {
    "platform" : "ANDROID",
    "searchTime" : "2021-07-15T18:56:20.536Z[UTC]",
    "searchQuery" : "szampan",
    "searchInteractionURIs" : [
      "spotify:track:0xwpK0H2aL5YxREvcNw4Pe"
    ]
  },
  {
    "platform" : "ANDROID",
    "searchTime" : "2021-07-15T19:00:10.022Z[UTC]",
    "searchQuery" : "sławomir",
    "searchInteractionURIs" : [
      "spotify:track:7meNfXvVQYkqD95KJYDqjO"
    ]
  },
  {
    "platform" : "ANDROID",
    "searchTime" : "2021-07-15T19:04:32.673Z[UTC]",
    "searchQuery" : "macare",
    "searchInteractionURIs" : [
      "spotify:track:6mhw2fEPH4fMF0wolNm96e"
    ]
  },
  {
    "platform" : "ANDROID",
    "searchTime" : "2021-07-15T19:16:19.671Z[UTC]",
    "searchQuery" : "skibidi",
    "searchInteractionURIs" : [
      "spotify:track:4F4TGsDYacEbw4PLAIyJ2e"
    ]
  },
  {
    "platform" : "ANDROID",
    "searchTime" : "2021-07-15T19:19:17.144Z[UTC]",
    "searchQuery" : "uptow",
    "searchInteractionURIs" : [
      "spotify:track:32OlwWuMpZ6b0aN2RZOeMS"
    ]
  },
  {
    "platform" : "ANDROID",
    "searchTime" : "2021-07-15T19:23:06.147Z[UTC]",
    "searchQuery" : "ale jazz",
    "searchInteractionURIs" : [
      "spotify:track:7fuvhZxxLou4qRRo4Z63wE"
    ]
  },
  {
    "platform" : "ANDROID",
    "searchTime" : "2021-07-15T19:30:44.029Z[UTC]",
    "searchQuery" : "wygla",
    "searchInteractionURIs" : [
      "spotify:track:11ICdguilo4gnRVPWfIgVG"
    ]
  },
  {
    "platform" : "ANDROID",
    "searchTime" : "2021-07-15T19:38:19.732Z[UTC]",
    "searchQuery" : "eluwina",
    "searchInteractionURIs" : [
      "spotify:track:5ndihHDImMs9vi7UxjaPTC"
    ]
  },
  {
    "platform" : "ANDROID",
    "searchTime" : "2021-07-15T19:40:19.083Z[UTC]",
    "searchQuery" : "to juz jest ",
    "searchInteractionURIs" : [
      "spotify:playlist:6rZjXDq1sk5sjR5pA7r3uF"
    ]
  },
  {
    "platform" : "ANDROID",
    "searchTime" : "2021-07-15T20:04:59.354Z[UTC]",
    "searchQuery" : "to koniec",
    "searchInteractionURIs" : [
      "spotify:track:5fpFh4xgexEep7AipF4QMo"
    ]
  },
  {
    "platform" : "ANDROID",
    "searchTime" : "2021-07-15T20:29:48.285Z[UTC]",
    "searchQuery" : "to koniec",
    "searchInteractionURIs" : [
    ]
  },
  {
    "platform" : "ANDROID",
    "searchTime" : "2021-07-15T20:53:23.106Z[UTC]",
    "searchQuery" : "hip hop drop",
    "searchInteractionURIs" : [
      "spotify:playlist:5bVNmmNJKGS1SJjiO7w0VD"
    ]
  },
  {
    "platform" : "ANDROID",
    "searchTime" : "2021-07-15T20:53:38.258Z[UTC]",
    "searchQuery" : "bettel music",
    "searchInteractionURIs" : [
      "spotify:playlist:0gdfqzu7UYBnY4bZSJfKEq"
    ]
  },
  {
    "platform" : "ANDROID",
    "searchTime" : "2021-07-15T20:53:56.501Z[UTC]",
    "searchQuery" : "hip hop battel",
    "searchInteractionURIs" : [
      "spotify:playlist:7tdq3IlxVxs9erRLdFAefY"
    ]
  },
  {
    "platform" : "ANDROID",
    "searchTime" : "2021-07-16T06:08:44.955Z[UTC]",
    "searchQuery" : "hej mi",
    "searchInteractionURIs" : [
      "spotify:track:5m9ltvy8TSlv9WASLMBG21"
    ]
  },
  {
    "platform" : "ANDROID",
    "searchTime" : "2021-07-16T06:22:13.964Z[UTC]",
    "searchQuery" : "edyta bartosiewicz ",
    "searchInteractionURIs" : [
      "spotify:track:0IZ26aAErwbYaRqawB2nSL"
    ]
  },
  {
    "platform" : "ANDROID",
    "searchTime" : "2021-07-16T07:51:55.070Z[UTC]",
    "searchQuery" : "bon thiw ",
    "searchInteractionURIs" : [
      "spotify:track:30XU4suKzCeoCK9YFzdufg"
    ]
  },
  {
    "platform" : "ANDROID",
    "searchTime" : "2021-07-16T07:53:09.693Z[UTC]",
    "searchQuery" : "you dont own ",
    "searchInteractionURIs" : [
      "spotify:track:6KI1ZpZWYAJLvmVhCJz65G"
    ]
  },
  {
    "platform" : "ANDROID",
    "searchTime" : "2021-07-16T09:42:18.882Z[UTC]",
    "searchQuery" : "mata",
    "searchInteractionURIs" : [
      "spotify:artist:0MIG6gMcQTSvFbKvUwK0id"
    ]
  },
  {
    "platform" : "ANDROID",
    "searchTime" : "2021-07-17T12:42:50.210Z[UTC]",
    "searchQuery" : "hip hop",
    "searchInteractionURIs" : [
    ]
  },
  {
    "platform" : "ANDROID",
    "searchTime" : "2021-07-17T12:43:31.090Z[UTC]",
    "searchQuery" : "hip hop dance",
    "searchInteractionURIs" : [
    ]
  },
  {
    "platform" : "ANDROID",
    "searchTime" : "2021-07-17T12:43:53.533Z[UTC]",
    "searchQuery" : "haj hop",
    "searchInteractionURIs" : [
      "spotify:playlist:6Z7sDBE4Lsia8FZ1GJSGvf",
      "spotify:playlist:6MxuEcaj4KHRPGC37F0AaG"
    ]
  },
  {
    "platform" : "ANDROID",
    "searchTime" : "2021-07-17T12:44:51.575Z[UTC]",
    "searchQuery" : "hip hop 90 ",
    "searchInteractionURIs" : [
    ]
  },
  {
    "platform" : "ANDROID",
    "searchTime" : "2021-07-17T12:47:27.330Z[UTC]",
    "searchQuery" : "hip hop old school",
    "searchInteractionURIs" : [
    ]
  },
  {
    "platform" : "ANDROID",
    "searchTime" : "2021-07-18T20:04:40.763Z[UTC]",
    "searchQuery" : "cia",
    "searchInteractionURIs" : [
      "spotify:track:4fbAqBXwALbAXUTb62mJpo"
    ]
  },
  {
    "platform" : "ANDROID",
    "searchTime" : "2021-07-18T20:12:43.746Z[UTC]",
    "searchQuery" : "cia",
    "searchInteractionURIs" : [
    ]
  },
  {
    "platform" : "ANDROID",
    "searchTime" : "2021-07-18T21:42:44.160Z[UTC]",
    "searchQuery" : "cia",
    "searchInteractionURIs" : [
    ]
  },
  {
    "platform" : "ANDROID",
    "searchTime" : "2021-07-19T10:16:22.095Z[UTC]",
    "searchQuery" : "cia",
    "searchInteractionURIs" : [
    ]
  },
  {
    "platform" : "ANDROID",
    "searchTime" : "2021-07-19T17:39:52.915Z[UTC]",
    "searchQuery" : "capustin",
    "searchInteractionURIs" : [
      "spotify:playlist:11UBvmGT9E0dDe6eYw2Vh6"
    ]
  },
  {
    "platform" : "ANDROID",
    "searchTime" : "2021-07-19T17:40:05.850Z[UTC]",
    "searchQuery" : "capusstin",
    "searchInteractionURIs" : [
      "spotify:user:capustin"
    ]
  },
  {
    "platform" : "ANDROID",
    "searchTime" : "2021-07-20T09:41:00.904Z[UTC]",
    "searchQuery" : "one more time da",
    "searchInteractionURIs" : [
    ]
  },
  {
    "platform" : "ANDROID",
    "searchTime" : "2021-07-21T09:59:08.060Z[UTC]",
    "searchQuery" : "ci",
    "searchInteractionURIs" : [
      "spotify:track:4fbAqBXwALbAXUTb62mJpo",
      "spotify:track:5hfJcAXpOVb65HtYqgtoE4"
    ]
  },
  {
    "platform" : "ANDROID",
    "searchTime" : "2021-07-25T14:36:25.911Z[UTC]",
    "searchQuery" : "zey",
    "searchInteractionURIs" : [
    ]
  },
  {
    "platform" : "ANDROID",
    "searchTime" : "2021-07-25T14:39:02.035Z[UTC]",
    "searchQuery" : "z",
    "searchInteractionURIs" : [
      "spotify:track:3rIdqj3VcQ78Szji5UKSuR"
    ]
  },
  {
    "platform" : "ANDROID",
    "searchTime" : "2021-07-25T15:44:29.552Z[UTC]",
    "searchQuery" : "biowsky",
    "searchInteractionURIs" : [
    ]
  },
  {
    "platform" : "ANDROID",
    "searchTime" : "2021-07-25T15:44:35.357Z[UTC]",
    "searchQuery" : "eł",
    "searchInteractionURIs" : [
    ]
  },
  {
    "platform" : "ANDROID",
    "searchTime" : "2021-07-25T15:44:56.937Z[UTC]",
    "searchQuery" : "kiełbiowski",
    "searchInteractionURIs" : [
      "spotify:user:kubaspyder"
    ]
  },
  {
    "platform" : "ANDROID",
    "searchTime" : "2021-07-25T17:50:34.456Z[UTC]",
    "searchQuery" : "cool me eow",
    "searchInteractionURIs" : [
      "spotify:track:4YATrrrkiZCH1jy2ISOP9P"
    ]
  },
  {
    "platform" : "ANDROID",
    "searchTime" : "2021-07-25T18:24:07.890Z[UTC]",
    "searchQuery" : "cool me eow",
    "searchInteractionURIs" : [
    ]
  },
  {
    "platform" : "ANDROID",
    "searchTime" : "2021-07-25T18:24:24.909Z[UTC]",
    "searchQuery" : "kuba kiełbiowski",
    "searchInteractionURIs" : [
      "spotify:user:kubaspyder"
    ]
  },
  {
    "platform" : "ANDROID",
    "searchTime" : "2021-07-26T11:07:21.142Z[UTC]",
    "searchQuery" : "kuba kieł",
    "searchInteractionURIs" : [
      "spotify:user:kubaspyder"
    ]
  },
  {
    "platform" : "ANDROID",
    "searchTime" : "2021-07-26T20:27:25.314Z[UTC]",
    "searchQuery" : "kuba kiełbi",
    "searchInteractionURIs" : [
      "spotify:user:kubaspyder"
    ]
  },
  {
    "platform" : "ANDROID",
    "searchTime" : "2021-07-27T16:34:06.304Z[UTC]",
    "searchQuery" : "vlad novak",
    "searchInteractionURIs" : [
      "spotify:user:31wrmy762sjqz5xwhlzerkh4it7a"
    ]
  },
  {
    "platform" : "ANDROID",
    "searchTime" : "2021-07-27T16:34:20.404Z[UTC]",
    "searchQuery" : "kuba kie",
    "searchInteractionURIs" : [
      "spotify:user:kubaspyder"
    ]
  },
  {
    "platform" : "ANDROID",
    "searchTime" : "2021-07-27T18:08:40.741Z[UTC]",
    "searchQuery" : "kuba kie",
    "searchInteractionURIs" : [
      "spotify:user:kubaspyder"
    ]
  },
  {
    "platform" : "ANDROID",
    "searchTime" : "2021-07-28T17:41:08.920Z[UTC]",
    "searchQuery" : "mike ta",
    "searchInteractionURIs" : [
      "spotify:track:1EjFBQy2TP4g8VvlRxM9D0"
    ]
  },
  {
    "platform" : "ANDROID",
    "searchTime" : "2021-07-28T17:42:48.700Z[UTC]",
    "searchQuery" : "mika relax ",
    "searchInteractionURIs" : [
      "spotify:track:1kmhdq0RfZFdfSLaTsiTVi",
      "spotify:track:4zpVnZGTxdfnQS5MJOqq9L",
      "spotify:track:1kmhdq0RfZFdfSLaTsiTVi",
      "spotify:track:4zpVnZGTxdfnQS5MJOqq9L"
    ]
  },
  {
    "platform" : "ANDROID",
    "searchTime" : "2021-07-30T09:51:26.130Z[UTC]",
    "searchQuery" : "kuba kieł",
    "searchInteractionURIs" : [
      "spotify:user:kubaspyder"
    ]
  },
  {
    "platform" : "ANDROID",
    "searchTime" : "2021-07-30T13:28:38.895Z[UTC]",
    "searchQuery" : "take it easy",
    "searchInteractionURIs" : [
      "spotify:album:3kdMSzdh6QPuU8zIjpNvnr",
      "spotify:track:1kmhdq0RfZFdfSLaTsiTVi"
    ]
  },
  {
    "platform" : "ANDROID",
    "searchTime" : "2021-08-01T10:20:24.948Z[UTC]",
    "searchQuery" : "who l",
    "searchInteractionURIs" : [
      "spotify:track:1H5tvpoApNDxvxDexoaAUo"
    ]
  },
  {
    "platform" : "ANDROID",
    "searchTime" : "2021-08-01T15:21:31.409Z[UTC]",
    "searchQuery" : "ciał",
    "searchInteractionURIs" : [
      "spotify:track:4fbAqBXwALbAXUTb62mJpo"
    ]
  },
  {
    "platform" : "ANDROID",
    "searchTime" : "2021-08-02T11:24:12.892Z[UTC]",
    "searchQuery" : "oh oh",
    "searchInteractionURIs" : [
      "spotify:track:1KQnW2vrpepMQG9Keo8vbY"
    ]
  },
  {
    "platform" : "ANDROID",
    "searchTime" : "2021-08-03T11:24:46.165Z[UTC]",
    "searchQuery" : "kuba kieł",
    "searchInteractionURIs" : [
      "spotify:user:kubaspyder"
    ]
  },
  {
    "platform" : "ANDROID",
    "searchTime" : "2021-08-04T10:42:25.261Z[UTC]",
    "searchQuery" : "take ",
    "searchInteractionURIs" : [
      "spotify:track:1kmhdq0RfZFdfSLaTsiTVi"
    ]
  },
  {
    "platform" : "ANDROID",
    "searchTime" : "2021-08-04T10:53:55.100Z[UTC]",
    "searchQuery" : "take ",
    "searchInteractionURIs" : [
    ]
  },
  {
    "platform" : "ANDROID",
    "searchTime" : "2021-08-04T16:48:22.754Z[UTC]",
    "searchQuery" : "daft ",
    "searchInteractionURIs" : [
      "spotify:artist:4tZwfgrHOc3mvqYlEYSvVi"
    ]
  },
  {
    "platform" : "ANDROID",
    "searchTime" : "2021-08-04T16:53:51.442Z[UTC]",
    "searchQuery" : "mata",
    "searchInteractionURIs" : [
      "spotify:artist:0MIG6gMcQTSvFbKvUwK0id"
    ]
  },
  {
    "platform" : "ANDROID",
    "searchTime" : "2021-08-05T15:34:18.459Z[UTC]",
    "searchQuery" : "red hot ",
    "searchInteractionURIs" : [
      "spotify:artist:0L8ExT028jH3ddEcZwqJJ5"
    ]
  },
  {
    "platform" : "ANDROID",
    "searchTime" : "2021-08-06T10:44:14.336Z[UTC]",
    "searchQuery" : "pink ",
    "searchInteractionURIs" : [
      "spotify:artist:0k17h0D3J5VfsdmQ1iZtE9"
    ]
  },
  {
    "platform" : "ANDROID",
    "searchTime" : "2021-08-06T10:44:28.792Z[UTC]",
    "searchQuery" : "pin",
    "searchInteractionURIs" : [
      "spotify:artist:0k17h0D3J5VfsdmQ1iZtE9"
    ]
  },
  {
    "platform" : "ANDROID",
    "searchTime" : "2021-08-06T10:45:02.154Z[UTC]",
    "searchQuery" : "another",
    "searchInteractionURIs" : [
    ]
  },
  {
    "platform" : "ANDROID",
    "searchTime" : "2021-08-06T10:45:35.281Z[UTC]",
    "searchQuery" : "another",
    "searchInteractionURIs" : [
      "spotify:track:5vdp5UmvTsnMEMESIF2Ym7",
      "spotify:track:7rPzEczIS574IgPaiPieS3",
      "spotify:track:7pmNNEJcBcODkrPHEIf7Cy"
    ]
  },
  {
    "platform" : "ANDROID",
    "searchTime" : "2021-08-06T10:46:39.077Z[UTC]",
    "searchQuery" : "another brick",
    "searchInteractionURIs" : [
      "spotify:track:7rPzEczIS574IgPaiPieS3",
      "spotify:track:4j2bQkwIEO7QzAdjJ4txVm",
      "spotify:playlist:2otYf9rWOYisZjjsEe6LOn",
      "spotify:track:22IiK3b7NSBfmUrnhj7rSr",
      "spotify:track:39SHjPPvNVW2H9rSsGGOPD",
      "spotify:track:7rPzEczIS574IgPaiPieS3"
    ]
  },
  {
    "platform" : "ANDROID",
    "searchTime" : "2021-08-06T10:47:15.233Z[UTC]",
    "searchQuery" : "acdc",
    "searchInteractionURIs" : [
    ]
  },
  {
    "platform" : "ANDROID",
    "searchTime" : "2021-08-07T19:27:17.031Z[UTC]",
    "searchQuery" : "malik montana",
    "searchInteractionURIs" : [
    ]
  },
  {
    "platform" : "ANDROID",
    "searchTime" : "2021-08-08T17:28:21.337Z[UTC]",
    "searchQuery" : "heads will",
    "searchInteractionURIs" : [
      "spotify:track:4FRqM1mahmNdLOT9OQOr8q"
    ]
  },
  {
    "platform" : "ANDROID",
    "searchTime" : "2021-08-08T18:17:16.460Z[UTC]",
    "searchQuery" : "heads will",
    "searchInteractionURIs" : [
    ]
  },
  {
    "platform" : "ANDROID",
    "searchTime" : "2021-08-11T14:01:53.768Z[UTC]",
    "searchQuery" : "teabe",
    "searchInteractionURIs" : [
      "spotify:artist:2aejlUq5cbrn146rNYrWLi"
    ]
  },
  {
    "platform" : "ANDROID",
    "searchTime" : "2021-08-11T14:04:55.852Z[UTC]",
    "searchQuery" : "teave",
    "searchInteractionURIs" : [
      "spotify:track:25PgRFxzTm6T5k6vpYZZfc"
    ]
  },
  {
    "platform" : "ANDROID",
    "searchTime" : "2021-08-12T19:15:01.222Z[UTC]",
    "searchQuery" : "young leosia",
    "searchInteractionURIs" : [
      "spotify:track:3oNKjHYfg4HAP1ivjUit9n",
      "spotify:track:7mAnwV4f6RxGMmA7D02Hw9",
      "spotify:album:3leZBiN9qTq9PAQ61zBgi7"
    ]
  },
  {
    "platform" : "ANDROID",
    "searchTime" : "2021-08-13T09:50:53.228Z[UTC]",
    "searchQuery" : "jung",
    "searchInteractionURIs" : [
      "spotify:track:3oNKjHYfg4HAP1ivjUit9n"
    ]
  },
  {
    "platform" : "ANDROID",
    "searchTime" : "2021-08-13T15:06:06.610Z[UTC]",
    "searchQuery" : "GoldLink - Kokamoe Freestyle",
    "searchInteractionURIs" : [
      "spotify:track:4wLJNd3zIfm68rMi36JtY4"
    ]
  },
  {
    "platform" : "ANDROID",
    "searchTime" : "2021-08-15T07:28:29.591Z[UTC]",
    "searchQuery" : "up cardi b remix",
    "searchInteractionURIs" : [
      "spotify:track:1XXimziG1uhM0eDNCZCrUl"
    ]
  },
  {
    "platform" : "ANDROID",
    "searchTime" : "2021-08-17T16:09:49.110Z[UTC]",
    "searchQuery" : "hey kami",
    "searchInteractionURIs" : [
      "spotify:track:46dyvv28cCVBDTCxAxvUH1"
    ]
  },
  {
    "platform" : "ANDROID",
    "searchTime" : "2021-08-17T16:10:08.162Z[UTC]",
    "searchQuery" : "hey mami rem",
    "searchInteractionURIs" : [
      "spotify:track:3Snu0jpss4jUBFoCI2po0u",
      "spotify:playlist:4BYqPuqWwK4dcPiGw6myW0",
      "spotify:playlist:4BYqPuqWwK4dcPiGw6myW0"
    ]
  },
  {
    "platform" : "ANDROID",
    "searchTime" : "2021-08-18T08:16:53.675Z[UTC]",
    "searchQuery" : "san",
    "searchInteractionURIs" : [
      "spotify:artist:0TMvoNR0AIJV138mHY6jdE"
    ]
  },
  {
    "platform" : "ANDROID",
    "searchTime" : "2021-08-21T12:47:23.980Z[UTC]",
    "searchQuery" : "solence bl",
    "searchInteractionURIs" : [
      "spotify:track:15C1UxeIGUIRfChz2QTPfG"
    ]
  },
  {
    "platform" : "ANDROID",
    "searchTime" : "2021-08-24T08:41:09.459Z[UTC]",
    "searchQuery" : "michael",
    "searchInteractionURIs" : [
      "spotify:artist:3fMbdgg4jU18AjLCKBhRSm"
    ]
  },
  {
    "platform" : "ANDROID",
    "searchTime" : "2021-08-25T13:11:33.405Z[UTC]",
    "searchQuery" : "oh",
    "searchInteractionURIs" : [
      "spotify:track:1KQnW2vrpepMQG9Keo8vbY"
    ]
  },
  {
    "platform" : "ANDROID",
    "searchTime" : "2021-08-26T10:24:24.386Z[UTC]",
    "searchQuery" : "ma",
    "searchInteractionURIs" : [
      "spotify:artist:0MIG6gMcQTSvFbKvUwK0id"
    ]
  },
  {
    "platform" : "ANDROID",
    "searchTime" : "2021-08-28T20:57:10.342Z[UTC]",
    "searchQuery" : "wh",
    "searchInteractionURIs" : [
      "spotify:track:2nFaT0t36H6UX3wN3Vxvjm"
    ]
  },
  {
    "platform" : "ANDROID",
    "searchTime" : "2021-08-29T19:16:18.316Z[UTC]",
    "searchQuery" : "sanah",
    "searchInteractionURIs" : [
      "spotify:artist:0TMvoNR0AIJV138mHY6jdE"
    ]
  },
  {
    "platform" : "ANDROID",
    "searchTime" : "2021-09-01T16:25:36.878Z[UTC]",
    "searchQuery" : "papug",
    "searchInteractionURIs" : [
      "spotify:track:1y9fW73XS7gXch51jzzqUt"
    ]
  },
  {
    "platform" : "ANDROID",
    "searchTime" : "2021-09-02T17:00:45.997Z[UTC]",
    "searchQuery" : "sanag",
    "searchInteractionURIs" : [
      "spotify:artist:0TMvoNR0AIJV138mHY6jdE"
    ]
  },
  {
    "platform" : "ANDROID",
    "searchTime" : "2021-09-06T10:52:13.546Z[UTC]",
    "searchQuery" : "bryska lato",
    "searchInteractionURIs" : [
      "spotify:track:4c3d9dKdU9ykG5jcmrXO1B"
    ]
  },
  {
    "platform" : "ANDROID",
    "searchTime" : "2021-09-06T16:28:25.565Z[UTC]",
    "searchQuery" : "malik",
    "searchInteractionURIs" : [
      "spotify:artist:1Kjs5u8GQf6zCFdTj6SI9E"
    ]
  },
  {
    "platform" : "ANDROID",
    "searchTime" : "2021-09-06T16:55:16.261Z[UTC]",
    "searchQuery" : "mal",
    "searchInteractionURIs" : [
      "spotify:artist:1Kjs5u8GQf6zCFdTj6SI9E"
    ]
  },
  {
    "platform" : "ANDROID",
    "searchTime" : "2021-09-07T18:48:10.791Z[UTC]",
    "searchQuery" : "bartek gawęcki",
    "searchInteractionURIs" : [
      "spotify:user:bitbasket1209"
    ]
  },
  {
    "platform" : "ANDROID",
    "searchTime" : "2021-09-07T19:24:07.225Z[UTC]",
    "searchQuery" : "ju",
    "searchInteractionURIs" : [
      "spotify:track:3oNKjHYfg4HAP1ivjUit9n"
    ]
  },
  {
    "platform" : "ANDROID",
    "searchTime" : "2021-09-12T12:49:04.944Z[UTC]",
    "searchQuery" : "upro",
    "searchInteractionURIs" : [
      "spotify:track:3wScL5W8H40zzCKN0atfBk"
    ]
  },
  {
    "platform" : "ANDROID",
    "searchTime" : "2021-09-12T16:11:23.788Z[UTC]",
    "searchQuery" : "upro",
    "searchInteractionURIs" : [
    ]
  },
  {
    "platform" : "ANDROID",
    "searchTime" : "2021-09-13T09:50:19.857Z[UTC]",
    "searchQuery" : "dj cat",
    "searchInteractionURIs" : [
      "spotify:track:0W6I02J9xcqK8MtSeosEXb",
      "spotify:track:6Uj1ctrBOjOas8xZXGqKk4",
      "spotify:track:3Vi5XqYrmQgOYBajMWSvCi",
      "spotify:album:1nAQbHeOWTfQzbOoFrvndW",
      "spotify:album:1nAQbHeOWTfQzbOoFrvndW",
      "spotify:artist:5cj0lLjcoR7YOSnhnX0Po5"
    ]
  },
  {
    "platform" : "ANDROID",
    "searchTime" : "2021-09-13T11:25:18.545Z[UTC]",
    "searchQuery" : "dj cat",
    "searchInteractionURIs" : [
    ]
  },
  {
    "platform" : "ANDROID",
    "searchTime" : "2021-09-15T15:22:20.328Z[UTC]",
    "searchQuery" : "mata",
    "searchInteractionURIs" : [
      "spotify:track:1y9fW73XS7gXch51jzzqUt"
    ]
  },
  {
    "platform" : "ANDROID",
    "searchTime" : "2021-09-15T15:48:33.533Z[UTC]",
    "searchQuery" : "mata",
    "searchInteractionURIs" : [
    ]
  },
  {
    "platform" : "ANDROID",
    "searchTime" : "2021-09-16T11:34:43.121Z[UTC]",
    "searchQuery" : "drake",
    "searchInteractionURIs" : [
      "spotify:artist:3TVXtAsR1Inumwj472S9r4"
    ]
  },
  {
    "platform" : "ANDROID",
    "searchTime" : "2021-09-17T10:14:38.315Z[UTC]",
    "searchQuery" : "malik",
    "searchInteractionURIs" : [
      "spotify:artist:1Kjs5u8GQf6zCFdTj6SI9E"
    ]
  },
  {
    "platform" : "ANDROID",
    "searchTime" : "2021-09-17T10:32:34.112Z[UTC]",
    "searchQuery" : "jago",
    "searchInteractionURIs" : [
      "spotify:track:0LgdOeB2FXEWsDfZefvrkW"
    ]
  },
  {
    "platform" : "ANDROID",
    "searchTime" : "2021-09-20T12:45:10.548Z[UTC]",
    "searchQuery" : "kr",
    "searchInteractionURIs" : [
      "spotify:track:6Tm561S9DJfszNz7L1PIe3"
    ]
  },
  {
    "platform" : "ANDROID",
    "searchTime" : "2021-09-21T09:46:03.189Z[UTC]",
    "searchQuery" : "kuba kieł",
    "searchInteractionURIs" : [
      "spotify:user:kubaspyder"
    ]
  },
  {
    "platform" : "ANDROID",
    "searchTime" : "2021-09-21T10:32:33.615Z[UTC]",
    "searchQuery" : "yoga music",
    "searchInteractionURIs" : [
      "spotify:playlist:4mfobAcyw052F12K4vwtoW"
    ]
  },
  {
    "platform" : "ANDROID",
    "searchTime" : "2021-09-21T15:48:54.483Z[UTC]",
    "searchQuery" : "jackboys",
    "searchInteractionURIs" : [
    ]
  },
  {
    "platform" : "ANDROID",
    "searchTime" : "2021-09-22T14:39:38.911Z[UTC]",
    "searchQuery" : "ekipa",
    "searchInteractionURIs" : [
      "spotify:artist:4rneSQYWhgIT9pMX2NwpeM"
    ]
  },
  {
    "platform" : "ANDROID",
    "searchTime" : "2021-09-22T14:41:36.951Z[UTC]",
    "searchQuery" : "eluwi",
    "searchInteractionURIs" : [
      "spotify:track:5ndihHDImMs9vi7UxjaPTC",
      "spotify:track:5ndihHDImMs9vi7UxjaPTC",
      "spotify:track:1V2EtfWFyxPOrRE011r8PR",
      "spotify:track:6yr4T7deCIqgg3cnYbJ9Qk"
    ]
  },
  {
    "platform" : "ANDROID",
    "searchTime" : "2021-09-22T14:43:43.194Z[UTC]",
    "searchQuery" : "rkipa",
    "searchInteractionURIs" : [
      "spotify:track:7rvgrmZdQeR1qDdzLLbo4Q"
    ]
  },
  {
    "platform" : "ANDROID",
    "searchTime" : "2021-09-22T20:55:42.817Z[UTC]",
    "searchQuery" : "rob ",
    "searchInteractionURIs" : [
      "spotify:playlist:2Zh9DFtT8GRB2lXfnDt8dF"
    ]
  },
  {
    "platform" : "ANDROID",
    "searchTime" : "2021-09-22T20:56:06.466Z[UTC]",
    "searchQuery" : "lordgryn",
    "searchInteractionURIs" : [
      "spotify:user:lordgryn"
    ]
  },
  {
    "platform" : "ANDROID",
    "searchTime" : "2021-09-24T20:29:43.646Z[UTC]",
    "searchQuery" : "chill max",
    "searchInteractionURIs" : [
    ]
  },
  {
    "platform" : "ANDROID",
    "searchTime" : "2021-09-24T20:29:52.247Z[UTC]",
    "searchQuery" : "kuba kieł",
    "searchInteractionURIs" : [
      "spotify:user:kubaspyder"
    ]
  },
  {
    "platform" : "ANDROID",
    "searchTime" : "2021-09-24T20:33:44.809Z[UTC]",
    "searchQuery" : "chill hip hop ",
    "searchInteractionURIs" : [
      "spotify:playlist:0DZfWCmXdtnrhZtuYzz363"
    ]
  },
  {
    "platform" : "ANDROID",
    "searchTime" : "2021-09-24T20:35:36.635Z[UTC]",
    "searchQuery" : "chill hip hop 90s",
    "searchInteractionURIs" : [
      "spotify:playlist:1ETyXCJ7QM6jDzDotmtxh8",
      "spotify:playlist:40Zhl9YCgNUJO3po9vNXCz",
      "spotify:playlist:7qj0fX75w7jSI3avk1OGRn",
      "spotify:playlist:6zFZulVaFWxpoZq8VQ3K71"
    ]
  },
  {
    "platform" : "ANDROID",
    "searchTime" : "2021-09-24T20:36:45.245Z[UTC]",
    "searchQuery" : "kevin paradox",
    "searchInteractionURIs" : [
      "spotify:playlist:2MV5HpChqkg0P50nX3CgiU",
      "spotify:playlist:6O9h7SFpie2OpJsqlhOZLH",
      "spotify:playlist:05FW6SDFoXLKL2qMRlQWGO"
    ]
  },
  {
    "platform" : "ANDROID",
    "searchTime" : "2021-09-24T20:38:06.907Z[UTC]",
    "searchQuery" : "k",
    "searchInteractionURIs" : [
    ]
  },
  {
    "platform" : "ANDROID",
    "searchTime" : "2021-09-24T20:42:23.487Z[UTC]",
    "searchQuery" : "nei",
    "searchInteractionURIs" : [
      "spotify:track:0utlOiJy2weVl9WTkcEWHy"
    ]
  },
  {
    "platform" : "ANDROID",
    "searchTime" : "2021-09-24T20:42:47.585Z[UTC]",
    "searchQuery" : "wicholo",
    "searchInteractionURIs" : [
    ]
  },
  {
    "platform" : "ANDROID",
    "searchTime" : "2021-09-24T20:42:59.560Z[UTC]",
    "searchQuery" : "ood",
    "searchInteractionURIs" : [
    ]
  },
  {
    "platform" : "ANDROID",
    "searchTime" : "2021-09-24T20:43:21.606Z[UTC]",
    "searchQuery" : "old wichu",
    "searchInteractionURIs" : [
      "spotify:user:1z7orb3odgmp5fdnfyrka2uyl"
    ]
  },
  {
    "platform" : "ANDROID",
    "searchTime" : "2021-09-24T20:50:56.378Z[UTC]",
    "searchQuery" : "kuba kie",
    "searchInteractionURIs" : [
      "spotify:user:kubaspyder"
    ]
  },
  {
    "platform" : "ANDROID",
    "searchTime" : "2021-09-25T16:12:35.191Z[UTC]",
    "searchQuery" : "kuba kie",
    "searchInteractionURIs" : [
      "spotify:user:kubaspyder",
      "spotify:user:6bfiwmtsrt91j438maxzmcyl5"
    ]
  },
  {
    "platform" : "ANDROID",
    "searchTime" : "2021-09-25T17:52:51.368Z[UTC]",
    "searchQuery" : "chill hip hop ",
    "searchInteractionURIs" : [
      "spotify:playlist:7qj0fX75w7jSI3avk1OGRn"
    ]
  },
  {
    "platform" : "ANDROID",
    "searchTime" : "2021-09-27T13:09:52.514Z[UTC]",
    "searchQuery" : "mata szma",
    "searchInteractionURIs" : [
      "spotify:track:4ozfsFSZXbBoDfKT6r2eXD",
      "spotify:album:148WF6q5LbFir5WDfQSm7o",
      "spotify:track:4ozfsFSZXbBoDfKT6r2eXD"
    ]
  },
  {
    "platform" : "ANDROID",
    "searchTime" : "2021-09-27T16:32:41.096Z[UTC]",
    "searchQuery" : "doja",
    "searchInteractionURIs" : [
      "spotify:artist:5cj0lLjcoR7YOSnhnX0Po5",
      "spotify:track:6Uj1ctrBOjOas8xZXGqKk4",
      "spotify:album:1nAQbHeOWTfQzbOoFrvndW"
    ]
  }
]