{
  "tracks": [
    {
      "artist": "House Of Pain",
      "album": "House of Pain (Fine Malt Lyrics)",
      "track": "Jump Around",
      "uri": "spotify:track:3TZwjdclvWt7iPJUnMpgcs"
    },
    {
      "artist": "Rihanna",
      "album": "Good Girl Gone Bad: Reloaded",
      "track": "Don't Stop The Music",
      "uri": "spotify:track:0ByMNEPAPpOR5H69DVrTNy"
    },
    {
      "artist": "Rihanna",
      "album": "Music Of The Sun",
      "track": "Pon de Replay",
      "uri": "spotify:track:4TsmezEQVSZNNPv5RJ65Ov"
    },
    {
      "artist": "Ice Cube",
      "album": "At Tha Movies",
      "track": "You Can Do It",
      "uri": "spotify:track:1xMPwgmLHVXkIFYL0rvGiZ"
    },
    {
      "artist": "JID",
      "album": "Bruuuh (with Denzel Curry)",
      "track": "Bruuuh (with Denzel Curry) - Remix",
      "uri": "spotify:track:5LghBGmNUUwI2BvX2boIdK"
    },
    {
      "artist": "Blu Cantrell",
      "album": "So Blu",
      "track": "Swingin'",
      "uri": "spotify:track:3L7qMkzhbQGRcmN2VWcNlT"
    },
    {
      "artist": "Tuamie",
      "album": "Emergency Raps, Vol. 1",
      "track": "Purple Fox",
      "uri": "spotify:track:29OI30JZBNDnuuoedErjKE"
    },
    {
      "artist": "Britney Spears",
      "album": "In The Zone",
      "track": "Toxic",
      "uri": "spotify:track:6I9VzXrHxO9rA9A5euc8Ak"
    },
    {
      "artist": "Luniz",
      "album": "Operation Stackola",
      "track": "I Got 5 On It",
      "uri": "spotify:track:4IYKjN1DrYzxKXt0umJqsG"
    },
    {
      "artist": "M.O.P.",
      "album": "Action Like Charles Bronson: Best of Hardcore Hip Hop Vol. 2",
      "track": "We Run New York (feat. Teflon)",
      "uri": "spotify:track:6UuChgb3ZPlsctOCi7Pkhh"
    },
    {
      "artist": "Big Daddy Kane",
      "album": "Long Live The Kane",
      "track": "Ain't No Half-Steppin'",
      "uri": "spotify:track:0dNiLb9FEHrRK7VFDJctiR"
    },
    {
      "artist": "The Notorious B.I.G.",
      "album": "Life After Death",
      "track": "Hypnotize - 2014 Remaster",
      "uri": "spotify:track:7KwZNVEaqikRSBSpyhXK2j"
    },
    {
      "artist": "Method Man",
      "album": "Blackout!",
      "track": "Da Rockwilder",
      "uri": "spotify:track:4anqYZt4APNlFwQixpbdZR"
    },
    {
      "artist": "Kwabs",
      "album": "Walk",
      "track": "Walk",
      "uri": "spotify:track:2ZvsMMI4aOkMUo92MKQzFI"
    },
    {
      "artist": "DJ Khaled",
      "album": "Wild Thoughts",
      "track": "Wild Thoughts",
      "uri": "spotify:track:4IIUaKqGMElZ3rGtuvYlNc"
    },
    {
      "artist": "Tyga",
      "album": "Legendary",
      "track": "Taste (feat. Offset)",
      "uri": "spotify:track:2toVe5hfuIi97ytDPDbQFt"
    },
    {
      "artist": "Beyoncé",
      "album": "Dangerously In Love",
      "track": "Naughty Girl",
      "uri": "spotify:track:0YGQ3hZcRLC5YX7o0hdmHg"
    },
    {
      "artist": "Lil Wayne",
      "album": "Tha Carter V",
      "track": "Uproar",
      "uri": "spotify:track:3wScL5W8H40zzCKN0atfBk"
    },
    {
      "artist": "Britney Spears",
      "album": "...Baby One More Time (Digital Deluxe Version)",
      "track": "...Baby One More Time",
      "uri": "spotify:track:3MjUtNVVq3C8Fn0MP3zhXa"
    },
    {
      "artist": "DMX",
      "album": "The Best Of DMX",
      "track": "X Gon' Give It To Ya",
      "uri": "spotify:track:2NeHnSFnwNp1Z5WYgcjJ8L"
    },
    {
      "artist": "Missy Elliott",
      "album": "Under Construction",
      "track": "Gossip Folks (feat. Ludacris)",
      "uri": "spotify:track:75DjPjiIp2fvJDjtt41Jfs"
    },
    {
      "artist": "DaniLeigh",
      "album": "The Plan",
      "track": "Lil Bebe (feat. Lil Baby) - Remix",
      "uri": "spotify:track:2fwkl5Z8ujDtAh6qxEA5x0"
    },
    {
      "artist": "J. Cole",
      "album": "4 Your Eyez Only",
      "track": "Neighbors",
      "uri": "spotify:track:0utlOiJy2weVl9WTkcEWHy"
    },
    {
      "artist": "2Pac",
      "album": "The Best of 2Pac",
      "track": "California Love - Original Version",
      "uri": "spotify:track:3djNBlI7xOggg7pnsOLaNm"
    },
    {
      "artist": "Slum Village",
      "album": "Fantastic, Vol. 2.10",
      "track": "Fall In Love",
      "uri": "spotify:track:2KBo6O5rkNdtYT3wYjkEkq"
    },
    {
      "artist": "Ronnie Ferrari",
      "album": "Ona By Tak Chciała",
      "track": "Ona By Tak Chciała",
      "uri": "spotify:track:4ocfGuRDytBDjTeJLDIDjL"
    },
    {
      "artist": "Mary J. Blige",
      "album": "No More Drama",
      "track": "Family Affair",
      "uri": "spotify:track:3aw9iWUQ3VrPQltgwvN9Xu"
    },
    {
      "artist": "Salt-N-Pepa",
      "album": "Very Necessary",
      "track": "Whatta Man",
      "uri": "spotify:track:7sJN693sYKEIEMu7fc5VnJ"
    },
    {
      "artist": "DJ Snake",
      "album": "Carte Blanche",
      "track": "Loco Contigo (feat. J. Balvin & Tyga)",
      "uri": "spotify:track:6osaMSJh9NguagEDQcZaKx"
    },
    {
      "artist": "schafter",
      "album": "hot coffee",
      "track": "hot coffee",
      "uri": "spotify:track:4U4LEUWV8sFtos5PdjfDA7"
    },
    {
      "artist": "Cardi B",
      "album": "Up",
      "track": "Up",
      "uri": "spotify:track:1XXimziG1uhM0eDNCZCrUl"
    },
    {
      "artist": "MIKA",
      "album": "Relax / Lollipop Bundle",
      "track": "Relax, Take It Easy - New Radio Edit",
      "uri": "spotify:track:4zpVnZGTxdfnQS5MJOqq9L"
    },
    {
      "artist": "Busta Rhymes",
      "album": "The Abstract Dragon",
      "track": "For The Nasty",
      "uri": "spotify:track:7DM5Zjy90txraEOGk4FcKm"
    },
    {
      "artist": "Outkast",
      "album": "Stankonia",
      "track": "Ms. Jackson",
      "uri": "spotify:track:0I3q5fE6wg7LIfHGngUTnV"
    },
    {
      "artist": "Bruno Mars",
      "album": "24K Magic",
      "track": "24K Magic",
      "uri": "spotify:track:2gFvRmQiWg9fN9i74Q0aiw"
    },
    {
      "artist": "Justin Bieber",
      "album": "Yummy",
      "track": "Yummy",
      "uri": "spotify:track:41L3O37CECZt3N7ziG2z7l"
    },
    {
      "artist": "Gang Starr",
      "album": "Full Clip: A Decade Of Gang Starr",
      "track": "Full Clip",
      "uri": "spotify:track:30oTS7bm0aH3p7lqjEIu8q"
    },
    {
      "artist": "Missy Elliott",
      "album": "Under Construction",
      "track": "Work It",
      "uri": "spotify:track:3jagJCUbdqhDSPuxP8cAqF"
    },
    {
      "artist": "N.O.R.E.",
      "album": "God's Favorite",
      "track": "Nothin'",
      "uri": "spotify:track:5ZKVNTG7yu7gbX4vryqS2X"
    },
    {
      "artist": "Britney Spears",
      "album": "Oops!... I Did It Again",
      "track": "Oops!...I Did It Again",
      "uri": "spotify:track:6naxalmIoLFWR0siv8dnQQ"
    },
    {
      "artist": "Beyoncé",
      "album": "Lemonade",
      "track": "Formation",
      "uri": "spotify:track:6g0Orsxv6glTJCt4cHsRsQ"
    },
    {
      "artist": "GoldLink",
      "album": "At What Cost",
      "track": "Kokamoe Freestyle",
      "uri": "spotify:track:4wLJNd3zIfm68rMi36JtY4"
    },
    {
      "artist": "Doja Cat",
      "album": "Planet Her",
      "track": "Get Into It (Yuh)",
      "uri": "spotify:track:0W6I02J9xcqK8MtSeosEXb"
    },
    {
      "artist": "D Smoke",
      "album": "Black Habits",
      "track": "Gaspar Yanga",
      "uri": "spotify:track:5jd4jhBSIU14CKHN7gGl7x"
    },
    {
      "artist": "Isaiah Rashad",
      "album": "The Sun's Tirade",
      "track": "Free Lunch",
      "uri": "spotify:track:5FX89IUKm9QJT9ymrmyK4k"
    },
    {
      "artist": "Das EFX",
      "album": "Hold It Down",
      "track": "Real Hip-Hop",
      "uri": "spotify:track:7Kutf53V4k0CvU4nKu5oK6"
    },
    {
      "artist": "Naughty By Nature",
      "album": "Naughty By Nature",
      "track": "O.P.P",
      "uri": "spotify:track:2XKNIzuVL2aOlzGUiPkctF"
    },
    {
      "artist": "Kanye West",
      "album": "Graduation",
      "track": "Stronger",
      "uri": "spotify:track:4fzsfWzRhPawzqhX8Qt9F3"
    },
    {
      "artist": "Janet Jackson",
      "album": "The Velvet Rope",
      "track": "Got 'Til It's Gone",
      "uri": "spotify:track:6jUyYHDikmw9WltPojSR37"
    },
    {
      "artist": "Meek Mill",
      "album": "MMG Presents: Self Made, Vol. 1",
      "track": "Ima Boss (feat. Rick Ross)",
      "uri": "spotify:track:7sjwaBQ6M3aVigYfBjm1sL"
    },
    {
      "artist": "Blu Cantrell",
      "album": "Bittersweet",
      "track": "Breathe (feat. Sean Paul) - Rap Version",
      "uri": "spotify:track:1BPybPVkDfUjFDvqG04l58"
    },
    {
      "artist": "JAY-Z",
      "album": "Reasonable Doubt",
      "track": "Can't Knock The Hustle",
      "uri": "spotify:track:5H4PU7wBIXL259apGjSpOr"
    },
    {
      "artist": "FloFilz",
      "album": "Speakthru (Bonus Tracks Version)",
      "track": "Shine Thru",
      "uri": "spotify:track:4QXkUqCzWJMU9znu821Kky"
    },
    {
      "artist": "Barns Courtney",
      "album": "The Attractions Of Youth",
      "track": "Fire",
      "uri": "spotify:track:5w6B0sAH7XauCvMOAtplQj"
    },
    {
      "artist": "Yung Joc",
      "album": "New Joc City",
      "track": "Hear Me Coming",
      "uri": "spotify:track:3DsydjV4yGvRRIAjuReAvs"
    },
    {
      "artist": "Eminem",
      "album": "Curtain Call: The Hits",
      "track": "Without Me",
      "uri": "spotify:track:2RsTjad1nVUGrQmSoL1m8Y"
    },
    {
      "artist": "Calvin Harris",
      "album": "Feels (feat. Pharrell Williams, Katy Perry & Big Sean)",
      "track": "Feels (feat. Pharrell Williams, Katy Perry & Big Sean)",
      "uri": "spotify:track:6BaCraQ9xeLYg4Sb9TBT2X"
    },
    {
      "artist": "Lords Of The Underground",
      "album": "Here Come The Lords",
      "track": "Chief Rocka",
      "uri": "spotify:track:34MRi5GRWHFUa731JBxFEl"
    },
    {
      "artist": "Destiny's Child",
      "album": "Survivor",
      "track": "Independent Women, Pt. 1",
      "uri": "spotify:track:69XUpOpjzDKcfdxqZebGiI"
    },
    {
      "artist": "Pete Rock",
      "album": "All Souled Out",
      "track": "The Creator",
      "uri": "spotify:track:0vDgtmc5vMDyE69oYnAbUm"
    },
    {
      "artist": "TLC",
      "album": "Crazysexycool",
      "track": "Waterfalls",
      "uri": "spotify:track:6qspW4YKycviDFjHBOaqUY"
    },
    {
      "artist": "Mos Def",
      "album": "Black On Both Sides",
      "track": "Ms. Fat Booty",
      "uri": "spotify:track:0IVAlb0cFCH1cQ974iR1TU"
    },
    {
      "artist": "Joey Bada$$",
      "album": "B4.DA.$$",
      "track": "Christ Conscious",
      "uri": "spotify:track:2w9Qq5cflc8Z6BraiDCyes"
    },
    {
      "artist": "Aithryx",
      "album": "Heavyz",
      "track": "Heavyz",
      "uri": "spotify:track:0JQi434RBWuPnjvdQoRbuu"
    },
    {
      "artist": "Mase",
      "album": "Harlem World",
      "track": "What You Want (feat. Total)",
      "uri": "spotify:track:6hxn98poTu1O4YZfafvC18"
    },
    {
      "artist": "M.O.P.",
      "album": "Warriorz",
      "track": "Ante Up (Robbin Hoodz Theory)",
      "uri": "spotify:track:550JPXXPgjr1xqxtKIaX6b"
    },
    {
      "artist": "Keri Hilson",
      "album": "No Boys Allowed",
      "track": "Buyou",
      "uri": "spotify:track:2YUSd1OXRVIHk9fuJ6SPbr"
    },
    {
      "artist": "SAYGRACE",
      "album": "FMA",
      "track": "You Don't Own Me (feat. G-Eazy)",
      "uri": "spotify:track:6KI1ZpZWYAJLvmVhCJz65G"
    },
    {
      "artist": "Fugees",
      "album": "The Score (Alben für die Ewigkeit)",
      "track": "Killing Me Softly With His Song",
      "uri": "spotify:track:5jDW9SQ08aYCrKD73HT6QI"
    },
    {
      "artist": "Diddy",
      "album": "Bad Boy 20th Anniversary Box Set Edition",
      "track": "Bad Boy for Life (feat. Black Rob & Mark Curry) - 2016 Remaster",
      "uri": "spotify:track:3ac4a4gr04hX1aKLO1aym8"
    },
    {
      "artist": "Fannypack",
      "album": "So Stylistic",
      "track": "Hey Mami",
      "uri": "spotify:track:46dyvv28cCVBDTCxAxvUH1"
    },
    {
      "artist": "Red Hot Chili Peppers",
      "album": "Californication",
      "track": "Californication",
      "uri": "spotify:track:48UPSzbZjgc449aqz8bxox"
    },
    {
      "artist": "Lootpack",
      "album": "Soundpieces: Da Antidote",
      "track": "Answers",
      "uri": "spotify:track:62XG3j3pMiIkHZxybltx4g"
    },
    {
      "artist": "Sean Paul",
      "album": "Tomahawk Technique",
      "track": "Got 2 Luv U (feat. Alexis Jordan)",
      "uri": "spotify:track:62pSYErgGri97X9aIyBzHm"
    },
    {
      "artist": "Eminem",
      "album": "The Marshall Mathers LP",
      "track": "The Real Slim Shady",
      "uri": "spotify:track:3yfqSUWxFvZELEM4PmlwIR"
    },
    {
      "artist": "Kris Kross",
      "album": "Totally Krossed Out",
      "track": "Jump",
      "uri": "spotify:track:27AHAtAirQapVldIm4c9ZX"
    },
    {
      "artist": "Snoh Aalegra",
      "album": "FEELS",
      "track": "Nothing Burns Like The Cold",
      "uri": "spotify:track:27tCCThExMJEQh7lMp3Sd4"
    },
    {
      "artist": "MiMS",
      "album": "Music Is My Savior",
      "track": "Like This",
      "uri": "spotify:track:2Z2JnZNB7lbUdKR5GynUlV"
    },
    {
      "artist": "Sean Paul",
      "album": "The Trinity",
      "track": "Temperature",
      "uri": "spotify:track:0k2GOhqsrxDTAbFFSdNJjT"
    },
    {
      "artist": "Shakira",
      "album": "Oral Fixation, Vol. 2 (Expanded Edition)",
      "track": "Hips Don't Lie (feat. Wyclef Jean)",
      "uri": "spotify:track:3ZFTkvIE7kyPt6Nu3PEa7V"
    },
    {
      "artist": "DaBaby",
      "album": "BLAME IT ON BABY",
      "track": "ROCKSTAR (feat. Roddy Ricch)",
      "uri": "spotify:track:7ytR5pFWmSjzHJIeQkgog4"
    },
    {
      "artist": "Xscape",
      "album": "R&B: From Doo-Wop To Hip-Hop",
      "track": "Just Kickin' It",
      "uri": "spotify:track:51RvCRzeTqoQgdOBgcpHtT"
    },
    {
      "artist": "Bazzi",
      "album": "COSMIC",
      "track": "Myself",
      "uri": "spotify:track:5YLHLxoZsodDWjqSgjhBf3"
    },
    {
      "artist": "Pharoahe Monch",
      "album": "Simon Says",
      "track": "Simon Says",
      "uri": "spotify:track:7F9FgsJXWvFENrhLYtYymg"
    },
    {
      "artist": "Rihanna",
      "album": "Talk That Talk",
      "track": "Talk That Talk",
      "uri": "spotify:track:7drd8T07dm62NkcYESlVhu"
    }
  ],
  "albums": [
    {
      "artist": "Brodka",
      "album": "Granda",
      "uri": "spotify:album:5fx9AH4oiTQKA3mlcW5Pwx"
    },
    {
      "artist": "Ms. Lauryn Hill",
      "album": "The Miseducation of Lauryn Hill",
      "uri": "spotify:album:1BZoqf8Zje5nGdwZhOjAtD"
    },
    {
      "artist": "Destiny's Child",
      "album": "Survivor",
      "uri": "spotify:album:480AZOo2VQ1kf3GedAiKV9"
    },
    {
      "artist": "Drake",
      "album": "Dark Lane Demo Tapes",
      "uri": "spotify:album:6OQ9gBfg5EXeNAEwGSs6jK"
    },
    {
      "artist": "Mikromusic",
      "album": "Tak Mi Się Nie Chce",
      "uri": "spotify:album:1ciKBcxs2N4siCBZ3qjraN"
    }
  ],
  "shows": [
    {
      "name": "#LECIMY",
      "publisher": "Robert Gryn",
      "uri": "spotify:show:0gZa4K7MF55DCHTgRioQVr"
    },
    {
      "name": "Biznes Od Początku",
      "publisher": "Paweł Leżoch",
      "uri": "spotify:show:6I1OFFo4xrS0hQP40cxCLn"
    },
    {
      "name": "Skuteczny marketing | Wojciech Bizub",
      "publisher": "Wojciech Bizub",
      "uri": "spotify:show:5o3SNSkX99RTzzqcx8gpN7"
    }
  ],
  "episodes": [
  ],
  "bannedTracks": [
  ],
  "artists": [
    {
      "name": "Beyoncé",
      "uri": "spotify:artist:6vWDO969PvNqNYHIOW5v0m"
    },
    {
      "name": "Jennifer Lopez",
      "uri": "spotify:artist:2DlGxzQSjYe5N6G9nkYghR"
    },
    {
      "name": "The Carters",
      "uri": "spotify:artist:4fpTMHe34LC5t3h5ztK8qu"
    },
    {
      "name": "Travis Scott",
      "uri": "spotify:artist:0Y5tJX1MQlPlqiwlOH1tJY"
    }
  ],
  "bannedArtists": [
  ],
  "other": [
  ]
}